URL,Tags,Visits,Impressions,CTR,Position
https://www.ronkinlaw.co.il/אי-אבחון-חסימת-מעי/,,5,2231,0.22%,46.5
https://www.ronkinlaw.co.il/מכתב-ערעור-לחברת-ביטוח/,,5,624,0.80%,11.92
https://www.ronkinlaw.co.il/תביעה-נגד-איתוראן-או-פוינטר/,,5,518,0.97%,24.66
https://www.ronkinlaw.co.il/אלימות-בעבודה/,,5,394,1.27%,12.47
https://www.ronkinlaw.co.il/קיזוז-מעמ-בתביעת-ביטוח-רכב/,,5,202,2.48%,13.62
https://www.ronkinlaw.co.il/תחומי-התמחות/,,5,160,3.12%,1.81
https://www.ronkinlaw.co.il/עורך-דין-ביטוח/עורך-דין-תביעות-ביטוח-רכב/תביעות-ביטוח-רכב/תאונת-שרשרת/,,5,73,6.85%,7.88
https://www.ronkinlaw.co.il/רשלנות-עורך-דין-התיישנות/,,5,73,6.85%,71
https://www.ronkinlaw.co.il/עורך-דין-נזיקין/תאונה-בבית-ספר/תביעה-נגד-בית-ספר/,,5,43,11.63%,10.65
https://www.ronkinlaw.co.il/התליית-רישיון-נהיגה/,,4,2588,0.15%,4.57
https://www.ronkinlaw.co.il/בדיקת-רישיון-נהיגה-על-ידי-מעסיק/,,4,1409,0.28%,14.34
https://www.ronkinlaw.co.il/מבחן-מיני-מנטל/,,4,1126,0.36%,4.53
https://www.ronkinlaw.co.il/עורך-דין-תאונות-עבודה/חישוב-הפיצויים-בתאונת-עבודה/,,4,1107,0.36%,23.89
https://www.ronkinlaw.co.il/רשלנות-מקצועית-של-עורך-דין/,,4,400,1%,18.43
https://www.ronkinlaw.co.il/תסמונת-זנב-סוס/,,4,246,1.63%,13.38
https://www.ronkinlaw.co.il/סתירת-הנכות-שנקבעה-על-ידי-המוסד-לביטוח/,,4,181,2.21%,28.69
https://www.ronkinlaw.co.il/עורך-דין-ביטוח/תביעת-ביטוח-צד-ג/,,4,113,3.54%,35.9
https://www.ronkinlaw.co.il/עורך-דין-תאונות-דרכים/ניהול-תביעת-תאונת-דרכים-וחישוב-פיצוי/אחוזי-נכות-פריצת-דיסק/,,4,101,3.96%,12.88
https://www.ronkinlaw.co.il/עורך-דין-תאונות-דרכים/ניהול-תביעת-תאונת-דרכים-וחישוב-פיצוי/אחוזי-נכות-שבר-באגן/,,4,80,5%,10.97
https://www.ronkinlaw.co.il/עורך-דין-ביטוח/עורך-דין-תביעות-ביטוח-רכב/תביעות-ביטוח-רכב/תאונה-בצומת-מי-אשם/,,4,47,8.51%,8.45
https://www.ronkinlaw.co.il/תביעה-ביטוח-נהג-צעיר/,,3,5060,0.06%,60.81
https://www.ronkinlaw.co.il/תביעת-ביטוח-אובדן-כושר-עבודה/,,3,2462,0.12%,44.02
https://www.ronkinlaw.co.il/עורך-דין-ביטוח-לאומי/תאונת-עבודה-ביטוח-לאומי/,,3,1567,0.19%,47.09
https://www.ronkinlaw.co.il/תביעה-נגד-הפול/,,3,1362,0.22%,27.2
https://www.ronkinlaw.co.il/כמה-זמן-לוקח-תביעת-תאונת-דרכים/,,3,692,0.43%,18.72
https://www.ronkinlaw.co.il/עורך-דין-נזיקין/עורך-דין-נזקי-רכוש/,,3,660,0.45%,25.01
https://www.ronkinlaw.co.il/עורך-דין-ביטוח/עורך-דין-תביעות-ביטוח-רכב/,,3,621,0.48%,53.08
https://www.ronkinlaw.co.il/תאונת-דרכים-עם-טרקטורון/,,3,428,0.70%,12.43
https://www.ronkinlaw.co.il/חישוב-נכות-רפואית-משוקללת/,,3,423,0.71%,13.39
https://www.ronkinlaw.co.il/רשלנות-רפואית-מיעוט-מי-שפיר/,,3,370,0.81%,15.79
https://www.ronkinlaw.co.il/תאונת-דרכים-באוטובוס/,,3,271,1.11%,24.84
https://www.ronkinlaw.co.il/אי-אבחון-סרטן-כליה/,,3,250,1.20%,16.89
https://www.ronkinlaw.co.il/עורך-דין-לא-הגיש-כתב-הגנה/,,3,179,1.68%,19.09
https://www.ronkinlaw.co.il/תוך-כמה-זמן-צריך-להגיש-כתב-הגנה/,,3,172,1.74%,11.34
https://www.ronkinlaw.co.il/נפילה-במדרגות/,,3,118,2.54%,18.39
https://www.ronkinlaw.co.il/זכויות-נשים-בהריון/פיטורי-אישה-בהריון-ללא-ידיעה/,,3,63,4.76%,43.7
https://www.ronkinlaw.co.il/תאונה-בחדר-כושר/,,3,61,4.92%,5.1
https://www.ronkinlaw.co.il/עורך-דין-ביטוח/תשלום-תגמולי-הביטוח/,,3,51,5.88%,41.92
https://www.ronkinlaw.co.il/עורך-דין-ביטוח-לאומי/תאונת-עבודה-ביטוח-לאומי/חזרה-לעבודה-לאחר-תאונת-עבודה/,,3,44,6.82%,6.86
https://www.ronkinlaw.co.il/עורך-דין-ביטוח/התיישנות-תביעות-ביטוח/,,3,25,12%,8.96
https://www.ronkinlaw.co.il/מה-לעשות-אחרי-תאונת-דרכים/,,2,2038,0.10%,26.91
https://www.ronkinlaw.co.il/תביעה-ביטוח-סיעודי/,,2,910,0.22%,49.52
https://www.ronkinlaw.co.il/תביעה-נגד-רופא-שיניים/,,2,820,0.24%,20.1
https://www.ronkinlaw.co.il/דיסקציה/,,2,817,0.24%,6.77
https://www.ronkinlaw.co.il/אובדן-כושר-עבודה-מחלה-אוטואימונית/,,2,450,0.44%,9.63
https://www.ronkinlaw.co.il/שאלות-נפוצות-לאובדן-כושר-עבודה/,,2,351,0.57%,36.48
https://www.ronkinlaw.co.il/תאונת-דרכים-אופנוע/,,2,260,0.77%,36.28
https://www.ronkinlaw.co.il/תאונת-דרכים-עצמית/,,2,253,0.79%,11.21
https://www.ronkinlaw.co.il/נפילה-מפיגום/,,2,224,0.89%,5.13
https://www.ronkinlaw.co.il/הראיות/,,2,221,0.90%,6.43
https://www.ronkinlaw.co.il/חוזרי-המפקח-על-הביטוח/,,2,205,0.98%,14.6
https://www.ronkinlaw.co.il/אובדן-כושר-עבודה-זמני/,,2,193,1.04%,29.16
https://www.ronkinlaw.co.il/עורך-דין-ביטוח/עורך-דין-ביטוח-רכוש/סחורה-בהעברה/,,2,186,1.08%,20.11
https://www.ronkinlaw.co.il/עורך-דין-ביטוח/תביעה-ביטוח-חיים/,,2,174,1.15%,44.84
https://www.ronkinlaw.co.il/צור-קשר/,,2,167,1.20%,2.44
https://www.ronkinlaw.co.il/אודות/,,2,158,1.27%,2.29
https://www.ronkinlaw.co.il/עורך-דין-תאונות-דרכים/תביעה-נגד-קרנית-תאונה-ללא-ביטוח/תאונה-ללא-ביטוח-חובה/,,2,150,1.33%,39.53
https://www.ronkinlaw.co.il/הקטנת-נזק-על-ידי-הגשת-ערעור/,,2,120,1.67%,9.62
https://www.ronkinlaw.co.il/עורך-דין-נזיקין/נזקי-מים-רטיבות-מהשכן/,,2,111,1.80%,23.36
https://www.ronkinlaw.co.il/פשרה-ללא-הסכמה/,,2,109,1.83%,37.37
https://www.ronkinlaw.co.il/עורך-דין-תאונות-דרכים/מהי-תאונת-דרכים-כנגד-מי-מגישים-תביעה/תאונה-ברכב-חונה/,,2,98,2.04%,6.13
https://www.ronkinlaw.co.il/פיטורי-אישה-בהריון-ללא-ידיעה/,,2,87,2.30%,16.67
https://www.ronkinlaw.co.il/עורך-דין-ביטוח/תביעה-נגד-קרן-פנסיה/תקופת-אכשרה-בקרן-פנסיה/,,2,85,2.35%,10.14
https://www.ronkinlaw.co.il/עורך-דין-תאונות-עבודה/חישוב-הפיצויים-בתאונת-עבודה/פיצוי-אובדן-ראייה-בעין-אחת/,,2,78,2.56%,9.88
https://www.ronkinlaw.co.il/עורך-דין-ביטוח/עורך-דין-תביעות-ביטוח-סיעודי/ביטוח-סיעודי/שכר-טרחה-בתביעת-ביטוח-סיעודי/,,2,75,2.67%,26.13
https://www.ronkinlaw.co.il/חוקרים-של-חברת-הביטוח/,,2,75,2.67%,26.31
https://www.ronkinlaw.co.il/תביעה-נגד-עורך-דין/רשלנות-מקצועית-של-עורך-דין/,,2,68,2.94%,12.71
https://www.ronkinlaw.co.il/תביעת-ביטוח-אובדן-כושר-עבודה/אובדן-כושר-עבודה-נפשי/,,2,60,3.33%,8.2
https://www.ronkinlaw.co.il/שינוי-תנאי-המיגון/,,2,57,3.51%,25.77
https://www.ronkinlaw.co.il/מרמה-של-סוכן-הביטוח/,,2,27,7.41%,14.59
https://www.ronkinlaw.co.il/ערר-או-ערעור-קרן-פנסיה/,,2,25,8%,41.6
https://www.ronkinlaw.co.il/עורך-דין-נזיקין/תאונה-בבית-ספר/,,2,17,11.76%,18.53
https://www.ronkinlaw.co.il/תביעה-נגד-עורך-דין/הסכם-שכר-טרחה/תביעת-החזר-שכר-טרחה/,,2,16,12.50%,10.69
https://www.ronkinlaw.co.il/עורך-דין-תאונות-דרכים/תביעת-ביטוח-חובה/תאונה-עם-רישיון-שלא-חודש/,,2,13,15.38%,8.46
https://www.ronkinlaw.co.il/עורך-דין-תאונות-דרכים/תביעת-ביטוח-חובה/כלל-ייחוד-העילה/,,2,10,20%,3
https://www.ronkinlaw.co.il/עורך-דין-ביטוח/תביעות-ביטוח-סוכן-ביטוח/,,2,4,50%,22
https://www.ronkinlaw.co.il/עורך-דין-תאונות-דרכים/,,1,2334,0.04%,57.22
https://www.ronkinlaw.co.il/האנדוקרדיטיס/,,1,1490,0.07%,16.08
https://www.ronkinlaw.co.il/עורך-דין-ביטוח/ביטוח-מחלות-קשות/,,1,1280,0.08%,23.48
https://www.ronkinlaw.co.il/עורך-דין-ביטוח/תביעה-נגד-קרן-פנסיה/,,1,697,0.14%,22.64
https://www.ronkinlaw.co.il/עורך-דין-ביטוח-לאומי/נכות-כללית/,,1,627,0.16%,55.52
https://www.ronkinlaw.co.il/תאונת-דרכים-בדרך-לעבודה/,,1,616,0.16%,41.14
https://www.ronkinlaw.co.il/רשלנות-עורך-דין-במקרקעין/,,1,556,0.18%,9.02
https://www.ronkinlaw.co.il/אובדן-כושר-עבודה-לאחר-פיטורין/,,1,504,0.20%,27.67
https://www.ronkinlaw.co.il/עורך-דין-נזיקין/עורך-דין-נזקי-גוף/,,1,466,0.21%,49.15
https://www.ronkinlaw.co.il/תאונת-אופנוע-קשה/,,1,432,0.23%,25.95
https://www.ronkinlaw.co.il/עורך-דין-תאונות-דרכים/ניהול-תביעת-תאונת-דרכים-וחישוב-פיצוי/כמה-זמן-לוקח-תביעת-תאונת-דרכים/,,1,305,0.33%,13.88
https://www.ronkinlaw.co.il/אובדן-כושר-עבודה-לעצמאי/,,1,304,0.33%,13.41
https://www.ronkinlaw.co.il/רשלנות-רפואית-ספינה-ביפידה/,,1,290,0.34%,31.94
https://www.ronkinlaw.co.il/גמלת-סיעוד/,,1,277,0.36%,62.72
https://www.ronkinlaw.co.il/סמכות-ואגרות-בתביעת-אובדן-כושר-עבודה/,,1,271,0.37%,56.48
https://www.ronkinlaw.co.il/פיצוי-עקב-אלימות-בבית-ספר/,,1,269,0.37%,26.7
https://www.ronkinlaw.co.il/עורך-דין-תאונות-דרכים/פיצוי-תאונת-דרכים-עם-הרוגים/,,1,245,0.41%,54.54
https://www.ronkinlaw.co.il/עורך-דין-תאונות-דרכים/מה-לעשות-אחרי-תאונת-דרכים/,,1,244,0.41%,17.01
https://www.ronkinlaw.co.il/עורך-דין-ביטוח/תלונה-למפקח-על-הביטוח/,,1,225,0.44%,11.08
https://www.ronkinlaw.co.il/פיצוי-בביטוח-לאומי-עקב-תעלה-קרפלית/,,1,220,0.45%,9.78
https://www.ronkinlaw.co.il/עורך-דין-רשלנות-רפואית/רשלנות-רפואית-באבחון-מחלה/דיסקציה/,,1,198,0.51%,5.07
https://www.ronkinlaw.co.il/עורך-דין-תאונות-דרכים/תביעת-תאונת-דרכים/,,1,173,0.58%,54.4
https://www.ronkinlaw.co.il/עורך-דין-תאונות-דרכים/סתירת-הנכות-שנקבעה-על-ידי-המוסד-לביטוח/,,1,156,0.64%,25.43
https://www.ronkinlaw.co.il/ארכת-ביטוח/,,1,137,0.73%,6.64
https://www.ronkinlaw.co.il/שאלות-ותשובות-תאונות-דרכים/,,1,127,0.79%,24.22
https://www.ronkinlaw.co.il/נפילה-בבור-בכביש/,,1,117,0.85%,11.03
https://www.ronkinlaw.co.il/עורך-דין-תאונות-דרכים/תביעת-ביטוח-חובה/,,1,113,0.88%,21.54
https://www.ronkinlaw.co.il/צור-קשר-ישן/,,1,111,0.90%,2.25
https://www.ronkinlaw.co.il/עורך-דין-תאונות-דרכים/ניהול-תביעת-תאונת-דרכים-וחישוב-פיצוי/פיברומיאלגיה/,,1,111,0.90%,18.5
https://www.ronkinlaw.co.il/פסקי-דין/,,1,108,0.93%,3.44
https://www.ronkinlaw.co.il/עורך-דין-ביטוח/עורך-דין-תביעות-ביטוח-סיעודי/ביטוח-סיעודי/מה-זה-adl/,,1,104,0.96%,7.83
https://www.ronkinlaw.co.il/עורך-דין-תאונות-דרכים/תביעה-נגד-קרנית-תאונה-ללא-ביטוח/,,1,97,1.03%,22.63
https://www.ronkinlaw.co.il/תאונת-פגע-וברח/,,1,94,1.06%,40.05
https://www.ronkinlaw.co.il/תביעת-ביטוח-אובדן-כושר-עבודה/רופא-תעסוקתי-לאובדן-כושר-עבודה/,,1,93,1.08%,18.76
https://www.ronkinlaw.co.il/רשלנות-רפואית-שיתוק-מוחין/,,1,91,1.10%,50.45
https://www.ronkinlaw.co.il/תביעה-נגד-בית-חולים/,,1,85,1.18%,11.72
https://www.ronkinlaw.co.il/עורך-דין-רשלנות-רפואית/רשלנות-רפואית-באבחון-מחלה/שבץ-מוחי/,,1,85,1.18%,32.42
https://www.ronkinlaw.co.il/עורך-דין-תאונות-דרכים/ניהול-תביעת-תאונת-דרכים-וחישוב-פיצוי/אחוזי-נכות-קרע-במיניסוקס/,,1,69,1.45%,9.59
https://www.ronkinlaw.co.il/חוק-הפיקוח-על-שירותים-פיננסיים-ביטוח/,,1,68,1.47%,27.15
https://www.ronkinlaw.co.il/תשלום-תכוף/,,1,67,1.49%,12.4
https://www.ronkinlaw.co.il/עורך-דין-ביטוח/ביטוח-חבות-מעבידים/,,1,54,1.85%,13.54
https://www.ronkinlaw.co.il/עורך-דין-תאונות-דרכים/תשלום-תכוף/,,1,40,2.50%,12.05
https://www.ronkinlaw.co.il/עורך-דין-ביטוח/תביעה-נגד-חברת-ביטוח/מכתב-ערעור-לחברת-ביטוח/,,1,37,2.70%,18.38
https://www.ronkinlaw.co.il/עורך-דין-ביטוח/דיני-ביטוח/חוזרי-המפקח-על-הביטוח/,,1,20,5%,5.7
https://www.ronkinlaw.co.il/תביעת-ביטוח-אובדן-כושר-עבודה/שכר-טרחה-בתביעת-אובדן-כושר-עבודה/,,1,16,6.25%,2
https://www.ronkinlaw.co.il/עורך-דין-תאונות-דרכים/תאונת-דרכים-ביטוח-סחר/,,1,16,6.25%,14.31
https://www.ronkinlaw.co.il/category/תביעות-עורכי-דין/,,1,16,6.25%,14.88
https://www.ronkinlaw.co.il/עורך-דין-תאונות-דרכים/תביעת-ביטוח-חובה/תאונת-דרכים-עצמית/,,1,9,11.11%,10
https://www.ronkinlaw.co.il/חריגים-וסייגים-בפוליסה/,,1,8,12.50%,40.75
https://www.ronkinlaw.co.il/תביעת-ביטוח-אובדן-כושר-עבודה/ועדה-רפואית-אובדן-כושר-עבודה/,,1,7,14.29%,22.43
https://www.ronkinlaw.co.il/עורך-דין-נזיקין/תביעה-נגד-רואה-חשבון/,,1,7,14.29%,24.86
https://www.ronkinlaw.co.il/עורך-דין-תאונות-דרכים/שאלות-ותשובות-תאונות-דרכים/,,1,6,16.67%,50.17
https://www.ronkinlaw.co.il/עורך-דין-ביטוח/תביעות-ביטוח-סוכן-ביטוח/מרמה-של-סוכן-הביטוח/,,1,5,20%,22.6
https://www.ronkinlaw.co.il/עורך-דין-ביטוח/עורך-דין-תביעות-ביטוח-רכב/תביעות-ביטוח-רכב/תביעות-ביטוח-רכב-נהג-עיקרי/,,1,2,50%,1
https://www.ronkinlaw.co.il/עורך-דין-תאונות-דרכים/ניהול-תביעת-תאונת-דרכים-וחישוב-פיצוי/קיזוז-ביטוח-לאומי-מהפיצויים/,,1,2,50%,15
https://www.ronkinlaw.co.il/עורך-דין-נזיקין/אופן-חישוב-הפיצויים/,,1,1,100%,45
https://www.ronkinlaw.co.il/עורך-דין-תאונות-עבודה/,,0,3964,0%,46.68
https://www.ronkinlaw.co.il/עורך-דין-ביטוח/עורך-דין-תביעות-ביטוח-סיעודי/ביטוח-סיעודי/,,0,2237,0%,47.25
https://www.ronkinlaw.co.il/עורך-דין-ביטוח/עורך-דין-תביעות-ביטוח-דירה/,,0,1720,0%,76.51
https://www.ronkinlaw.co.il/עורך-דין-תביעות-ביטוח-בריאות/,,0,1284,0%,21.89
https://www.ronkinlaw.co.il/עורך-דין-ביטוח-תלמידים/,,0,1273,0%,49.67
https://www.ronkinlaw.co.il/תביעה-אובדן-כושר-עבודה-2/,,0,1032,0%,54.86
https://www.ronkinlaw.co.il/זכויות-עובדים-זרים/,,0,874,0%,43.91
https://www.ronkinlaw.co.il/תביעת-ביטוח-מחלות-קשות/,,0,868,0%,33.95
https://www.ronkinlaw.co.il/עורך-דין-ביטוח/ביטוח-תאונות-אישיות/,,0,854,0%,55.5
https://www.ronkinlaw.co.il/עורך-דין-ביטוח/עורך-דין-תביעות-ביטוח-סיעודי/,,0,853,0%,58.35
https://www.ronkinlaw.co.il/ביטוח-לאומי-סיעוד/,,0,805,0%,41.49
https://www.ronkinlaw.co.il/פיצויים-אובדן-כושר-עבודה/,,0,781,0%,42.89
https://www.ronkinlaw.co.il/חוות-דעת-לביטוח-לאומי/,,0,634,0%,25.67
https://www.ronkinlaw.co.il/עורך-דין-תאונות-תלמידים/,,0,598,0%,39.29
https://www.ronkinlaw.co.il/עורך-דין-רשלנות-רפואית/,,0,584,0%,70.18
https://www.ronkinlaw.co.il/עורך-דין-תביעות-כספיות/,,0,565,0%,27.33
https://www.ronkinlaw.co.il/עורך-דין-פנסיה/,,0,554,0%,24.4
https://www.ronkinlaw.co.il/דחיית-תביעה-ביטוח-סיעודי/,,0,553,0%,43.74
https://www.ronkinlaw.co.il/עורך-דין-תביעות-ביטוח-תאונות-אישיות/,,0,503,0%,39.29
https://www.ronkinlaw.co.il/עורך-דין-תאונות-דרכים/עורך-דין-תאונת-אופנוע/,,0,475,0%,50.6
https://www.ronkinlaw.co.il/עורך-דין-תאונות-דרכים-ברמת-גן/,,0,455,0%,33.93
https://www.ronkinlaw.co.il/חובת-ביטוח-פנסיוני/,,0,448,0%,56.6
https://www.ronkinlaw.co.il/אובדן-כושר-עבודה-פנסיה/,,0,412,0%,60.53
https://www.ronkinlaw.co.il/ביטוח-קריסת-דירה-או-בית/,,0,403,0%,75.92
https://www.ronkinlaw.co.il/תאונה-משאית/,,0,399,0%,5.04
https://www.ronkinlaw.co.il/עורך-דין-תביעות-ביטוח-אשראי/,,0,395,0%,56.43
https://www.ronkinlaw.co.il/התקף-לב-תאונת-עבודה/,,0,394,0%,41.14
https://www.ronkinlaw.co.il/טביעה-בים/,,0,391,0%,10.87
https://www.ronkinlaw.co.il/עורך-דין-רשלנות-רפואית/תביעה-נגד-רופא-שיניים/,,0,390,0%,20.21
https://www.ronkinlaw.co.il/תאונה-בזמן-טיפול-ברכב-או-תיקון/,,0,378,0%,42.35
https://www.ronkinlaw.co.il/מתי-ניתן-להגיש-תביעה/,,0,347,0%,29.44
https://www.ronkinlaw.co.il/עורך-דין-תביעות-ביטוח-נסיעות-לחול/,,0,346,0%,40.53
https://www.ronkinlaw.co.il/תאונה-אופניים-חשמליים-קורקינט/,,0,344,0%,33.49
https://www.ronkinlaw.co.il/עורך-דין-דיני-עבודה/,,0,332,0%,75.69
https://www.ronkinlaw.co.il/תביעת-ביטוח-אובדן-כושר-עבודה/אובדן-כושר-עבודה-מחלה-אוטואימונית/,,0,331,0%,2.41
https://www.ronkinlaw.co.il/עורך-דין-אזרחי/,,0,312,0%,36.21
https://www.ronkinlaw.co.il/עורך-דין-רשלנות-רפואית/תביעה-נגד-בית-חולים/אי-אבחון-חסימת-מעי/,,0,312,0%,51.94
https://www.ronkinlaw.co.il/תביעת-ביטוח-אובדן-כושר-עבודה/תביעה-אובדן-כושר-עבודה-2/,,0,303,0%,58.92
https://www.ronkinlaw.co.il/תביעת-ביטוח-אובדן-כושר-עבודה/פיצויים-אובדן-כושר-עבודה/,,0,297,0%,26.92
https://www.ronkinlaw.co.il/עורך-דין-נזיקין/תביעה-שריפה-אש-מים-והצפה/,,0,290,0%,54.56
https://www.ronkinlaw.co.il/עורך-דין-ביטוח/ביטוח-תאונות-אישיות/עורך-דין-תביעות-ביטוח-תאונות-אישיות/,,0,279,0%,28.57
https://www.ronkinlaw.co.il/תביעת-ביטוח-לאומי-קורונה/,,0,272,0%,61.38
https://www.ronkinlaw.co.il/עורך-דין-תביעות-ביטוח-מנהלים/,,0,267,0%,5.97
https://www.ronkinlaw.co.il/עורך-דין-ביטוח-לאומי/,,0,265,0%,59.38
https://www.ronkinlaw.co.il/תביעת-ביטוח-אובדן-כושר-עבודה/עורך-דין-תביעות-ביטוח-מנהלים/,,0,264,0%,30.78
https://www.ronkinlaw.co.il/עורך-דין-דיני-עבודה-במרכז/,,0,264,0%,70.11
https://www.ronkinlaw.co.il/עורך-דין-תאונות-דרכים/עורך-דין-מומלץ-לתאונות-דרכים/,,0,254,0%,64.67
https://www.ronkinlaw.co.il/סחורה-בהעברה/,,0,252,0%,21.55
https://www.ronkinlaw.co.il/תאונה-בבית-ספר/,,0,252,0%,30.21
https://www.ronkinlaw.co.il/עורך-דין-נזיקין/תאונה-בבית-ספר/עורך-דין-תאונות-תלמידים/,,0,251,0%,43.16
https://www.ronkinlaw.co.il/התיישנות-ביטוח-סיעודי/,,0,250,0%,18.75
https://www.ronkinlaw.co.il/עורך-דין-רשלנות-רפואית/רשלנות-רפואית-באבחון-מחלה/האנדוקרדיטיס/,,0,244,0%,11.13
https://www.ronkinlaw.co.il/תאונת-עבודה-בבניין/,,0,241,0%,30.09
https://www.ronkinlaw.co.il/תאונת-עבודה-מי-משלם/,,0,240,0%,40.93
https://www.ronkinlaw.co.il/עורך-דין-רשלנות-רפואית/רשלנות-רפואית-בלידה/,,0,237,0%,67.09
https://www.ronkinlaw.co.il/ועדה-רפואית-אובדן-כושר-עבודה/,,0,201,0%,70.28
https://www.ronkinlaw.co.il/עורך-דין-תאונות-דרכים/תאונת-אופנוע-קשה/,,0,200,0%,8.63
https://www.ronkinlaw.co.il/עורך-דין-תאונות-דרכים/תאונת-דרכים-לילדים/,,0,192,0%,34.43
https://www.ronkinlaw.co.il/רשלנות-רפואית-באבחון-סרטן/,,0,192,0%,48.45
https://www.ronkinlaw.co.il/פגיעה-עקב-עומס-עבודה/,,0,191,0%,32.06
https://www.ronkinlaw.co.il/ביטוח-חבות-המוצר/,,0,190,0%,37.74
https://www.ronkinlaw.co.il/ביטוח-דירקטורים-ונושאי-משרה/,,0,190,0%,59.16
https://www.ronkinlaw.co.il/עורך-דין-ביטוח/עורך-דין-תביעות-ביטוח-רכב/תביעות-ביטוח-רכב/תביעה-ביטוח-נהג-צעיר/,,0,188,0%,63.08
https://www.ronkinlaw.co.il/תביעת-ביטוח-סיעודי-אלצהיימר/,,0,183,0%,22.18
https://www.ronkinlaw.co.il/עורך-דין-תביעות-ביטוח-מסחרי/,,0,183,0%,35.02
https://www.ronkinlaw.co.il/זיוף-כתב-מוטבים/,,0,180,0%,61.28
https://www.ronkinlaw.co.il/עורך-דין-תאונות-דרכים/שכר-טרחת-עורך-דין-תאונת-דרכים/,,0,175,0%,13.69
https://www.ronkinlaw.co.il/עורך-דין-דיני-עבודה/זכויות-נשים-בהריון/,,0,172,0%,58.84
https://www.ronkinlaw.co.il/עורך-דין-תאונות-עבודה/תאונת-עבודה-מי-משלם/,,0,171,0%,24.75
https://www.ronkinlaw.co.il/הגבלת-גיל-נהג-צעיר/,,0,171,0%,65.33
https://www.ronkinlaw.co.il/עורך-דין-רשלנות-רפואית/רשלנות-רפואית-בניתוח/,,0,165,0%,59.01
https://www.ronkinlaw.co.il/עורך-דין-תאונות-עבודה/תאונת-עבודה-עצמאי/,,0,164,0%,33.63
https://www.ronkinlaw.co.il/עורך-דין-תביעות-ביטוח-חיים/,,0,161,0%,38.81
https://www.ronkinlaw.co.il/אובדן-כושר-עבודה-של-רואה-חשבון/,,0,157,0%,35.23
https://www.ronkinlaw.co.il/תאונה-בגן-שעשועים/,,0,157,0%,35.85
https://www.ronkinlaw.co.il/עורך-דין-ביטוח/תביעה-נגד-חברת-ביטוח/גישור-בתביעת-ביטוח/,,0,155,0%,2.26
https://www.ronkinlaw.co.il/רשלנות-רפואית-פגיעה-עצבית/,,0,152,0%,9.32
https://www.ronkinlaw.co.il/ביטוח-חסר/,,0,150,0%,10.2
https://www.ronkinlaw.co.il/מה-זה-אובדן-כושר-עבודה/,,0,149,0%,52.56
https://www.ronkinlaw.co.il/תביעת-פנסיית-נכות/,,0,147,0%,36.41
https://www.ronkinlaw.co.il/עורך-דין-רשלנות-רפואית/רשלנות-רפואית-באבחון-מחלה/רשלנות-רפואית-בבדיקת-הדמיה/,,0,145,0%,38.26
https://www.ronkinlaw.co.il/עורך-דין-ביטוח/תביעת-שיבוב/,,0,144,0%,11.03
https://www.ronkinlaw.co.il/רשלנות-רפואית-בבדיקת-הדמיה/,,0,144,0%,14.26
https://www.ronkinlaw.co.il/תביעת-ביטוח-סיעודי-רטרואקטיבית/,,0,140,0%,36.89
https://www.ronkinlaw.co.il/עורך-דין-תאונות-דרכים/ניהול-תביעת-תאונת-דרכים-וחישוב-פיצוי/שבר-במפרק-הירך/,,0,135,0%,6.46
https://www.ronkinlaw.co.il/עורך-דין-נזיקין/,,0,133,0%,76.84
https://www.ronkinlaw.co.il/עורך-דין-ביטוח/עורך-דין-תביעות-ביטוח-בריאות/,,0,129,0%,27.43
https://www.ronkinlaw.co.il/רשלנות-בטיפול-בהתקף-לב/,,0,128,0%,55.19
https://www.ronkinlaw.co.il/רשלנות-רפואית-לידה-שקטה/,,0,127,0%,9.15
https://www.ronkinlaw.co.il/עורך-דין-ביטוח/עורך-דין-תביעות-ביטוח-מסחרי/,,0,127,0%,31.31
https://www.ronkinlaw.co.il/ביטוח-אחריות-מקצועית-של-עורכי-דין/,,0,126,0%,26.83
https://www.ronkinlaw.co.il/עורך-דין-תאונות-דרכים/תביעת-ביטוח-חובה/תביעה-נגד-הפול/,,0,126,0%,33.29
https://www.ronkinlaw.co.il/תביעה-שריפה-אש-מים-והצפה/,,0,126,0%,67.24
https://www.ronkinlaw.co.il/עורך-דין-ביטוח-לאומי/התקף-לב-תאונת-עבודה/,,0,124,0%,34.53
https://www.ronkinlaw.co.il/בור-במגרש-כדורגל/,,0,122,0%,8.93
https://www.ronkinlaw.co.il/עורך-דין-דיני-עבודה/זכויות-עובדים-זרים/,,0,122,0%,46.83
https://www.ronkinlaw.co.il/תאונה-עם-מלגזה/,,0,121,0%,39.88
https://www.ronkinlaw.co.il/שבץ-מוחי/,,0,120,0%,47.44
https://www.ronkinlaw.co.il/אובדן-כושר-עבודה-חלקי/,,0,119,0%,47.1
https://www.ronkinlaw.co.il/תביעת-תאונת-דרכים/,,0,117,0%,56.32
https://www.ronkinlaw.co.il/ביטוח-סיעודי-של-קופת-חולים/,,0,116,0%,50.4
https://www.ronkinlaw.co.il/עורך-דין-רשלנות-רפואית/הפיצויים-בתביעות-רשלנות-רפואית/רשלנות-רפואית-כמה-מקבלים/,,0,112,0%,34.53
https://www.ronkinlaw.co.il/עורך-דין-ביטוח-לאומי/פטור-ממס-הכנסה-לנכה/,,0,111,0%,56.19
https://www.ronkinlaw.co.il/הוכחת-שווי-רכב/,,0,110,0%,22.5
https://www.ronkinlaw.co.il/התיישנות-תביעת-תאונת-דרכים/,,0,109,0%,16.87
https://www.ronkinlaw.co.il/category/care-insurance/,,0,106,0%,22.29
https://www.ronkinlaw.co.il/תאונת-דרכים-קשה/,,0,105,0%,24.82
https://www.ronkinlaw.co.il/תאונת-עבודה-החמרת-מצב/,,0,100,0%,10.11
https://www.ronkinlaw.co.il/עורך-דין-תאונות-עבודה/טופס-בל-250/,,0,96,0%,16.03
https://www.ronkinlaw.co.il/תביעת-ביטוח-אובדן-כושר-עבודה/שאלות-נפוצות-לאובדן-כושר-עבודה/,,0,96,0%,43.76
https://www.ronkinlaw.co.il/טופס-תביעה-ביטוח-תלמידים/,,0,95,0%,45.83
https://www.ronkinlaw.co.il/צלקת-בביטוח-תלמידים/,,0,92,0%,26.09
https://www.ronkinlaw.co.il/פוליסת-אובדן-כושר-עבודה-אחידה/,,0,91,0%,27.68
https://www.ronkinlaw.co.il/תביעת-ביטוח-אובדן-כושר-עבודה/אובדן-כושר-עבודה-לעצמאי/,,0,90,0%,9.23
https://www.ronkinlaw.co.il/עורך-דין-ביטוח/עורך-דין-תביעות-ביטוח-סיעודי/ביטוח-סיעודי/תביעת-ביטוח-סיעודי-רטרואקטיבית/,,0,89,0%,26.38
https://www.ronkinlaw.co.il/תביעת-ביטוח-אובדן-כושר-עבודה/פוליסת-אובדן-כושר-עבודה-אחידה/,,0,87,0%,15.4
https://www.ronkinlaw.co.il/חובת-הצבת-דפיברילטור/,,0,86,0%,49.48
https://www.ronkinlaw.co.il/עורך-דין-נזיקין/עורך-דין-תאונות/,,0,86,0%,68.19
https://www.ronkinlaw.co.il/עורך-דין-דיני-עבודה/חובת-פנסיה/,,0,84,0%,11.2
https://www.ronkinlaw.co.il/עורך-דין-ביטוח/ביטוח-תלמידים/,,0,84,0%,19.96
https://www.ronkinlaw.co.il/ביטוח-השתלות/,,0,82,0%,76.89
https://www.ronkinlaw.co.il/רשלנות-עורך-דין-בקבוצת-רכישה/,,0,80,0%,35.4
https://www.ronkinlaw.co.il/פיצויי-פיטורים/,,0,78,0%,48.38
https://www.ronkinlaw.co.il/עורך-דין-תאונות-דרכים/תאונת-דרכים-קשה/,,0,76,0%,25.28
https://www.ronkinlaw.co.il/עורך-דין-ביטוח/ביטוח-תלמידים/עורך-דין-ביטוח-תלמידים/,,0,74,0%,51.84
https://www.ronkinlaw.co.il/פסק-דין-טענה-שהמבוטח-מעורב/,,0,74,0%,60.45
https://www.ronkinlaw.co.il/רשלנות-רפואית-סרטן-הערמונית/,,0,73,0%,16.86
https://www.ronkinlaw.co.il/עורך-דין-רשלנות-רפואית/רשלנות-רפואית-באבחון-סרטן/,,0,73,0%,52.48
https://www.ronkinlaw.co.il/עורך-דין-רשלנות-רפואית/רשלנות-רפואית-שיתוק-מוחין/,,0,72,0%,23.43
https://www.ronkinlaw.co.il/אובדן-כושר-עבודה-למנהל/,,0,70,0%,72.4
https://www.ronkinlaw.co.il/תביעה-נגד-עורך-דין/רשלנות-עורך-דין/רשלנות-עורך-דין-בהסכם-פשרה/,,0,67,0%,19.79
https://www.ronkinlaw.co.il/טעות-סוכן-ביטוח-באובדן-כושר-עבודה/,,0,67,0%,27.27
https://www.ronkinlaw.co.il/תביעה-נגד-רואה-חשבון/,,0,67,0%,55.78
https://www.ronkinlaw.co.il/רשלנות-רפואית-זיהום-ספסיס/,,0,64,0%,18.92
https://www.ronkinlaw.co.il/עורך-דין-רשלנות-רפואית/רשלנות-רפואית-בלידה/רשלנות-רפואית-לידה-שקטה/,,0,63,0%,46.22
https://www.ronkinlaw.co.il/עורך-דין-ביטוח/תביעה-נגד-חברת-ביטוח/גילוי-דוח-חקירה/,,0,62,0%,9.21
https://www.ronkinlaw.co.il/עורך-דין-תאונות-דרכים/תאונה-אופניים-חשמליים-קורקינט/,,0,62,0%,23.58
https://www.ronkinlaw.co.il/עורך-דין-רשלנות-רפואית/הפיצויים-בתביעות-רשלנות-רפואית/,,0,62,0%,75.53
https://www.ronkinlaw.co.il/עורך-דין-רשלנות-רפואית/רשלנות-רפואית-בהיריון/רשלנות-רפואית-ספינה-ביפידה/,,0,61,0%,27.54
https://www.ronkinlaw.co.il/עורך-דין-ביטוח-לאומי/תאונת-עבודה-ביטוח-לאומי/תביעת-ביטוח-לאומי-קורונה/,,0,61,0%,50.9
https://www.ronkinlaw.co.il/עורך-דין-רשלנות-רפואית/רשלנות-רפואית-באבחון-מחלה/תסמונת-זנב-סוס/,,0,60,0%,16.38
https://www.ronkinlaw.co.il/תאונה-עם-רכב-שכור/,,0,59,0%,40.86
https://www.ronkinlaw.co.il/תאונת-עבודה-עצמאי/,,0,59,0%,48.83
https://www.ronkinlaw.co.il/עורך-דין-תאונות-עבודה/תביעות-תאונות-עבודה/אלימות-בעבודה/,,0,58,0%,9.81
https://www.ronkinlaw.co.il/עורך-דין-ביטוח-לאומי/תאונת-עבודה-ביטוח-לאומי/אסטמה-ביטוח-לאומי/,,0,55,0%,11.2
https://www.ronkinlaw.co.il/עורך-דין-רשלנות-רפואית/רשלנות-רפואית-באבחון-מחלה/,,0,55,0%,58.25
https://www.ronkinlaw.co.il/category/רשלנות-רפואית/medical-negligence-childbirth/,,0,55,0%,68.71
https://www.ronkinlaw.co.il/ייצוג-מעסיקים-מעבידים/,,0,55,0%,69.93
https://www.ronkinlaw.co.il/עורך-דין-ביטוח/עורך-דין-תביעות-ביטוח-אשראי/,,0,53,0%,52.83
https://www.ronkinlaw.co.il/ההוצאות-בתביעות-ביטוח/,,0,53,0%,54.13
https://www.ronkinlaw.co.il/עורך-דין-ביטוח/עורך-דין-תביעות-ביטוח-סיעודי/ביטוח-סיעודי/מבחן-מיני-מנטל/,,0,50,0%,5.5
https://www.ronkinlaw.co.il/פיצוי-עקב-חרם-בבית-ספר/,,0,49,0%,61.29
https://www.ronkinlaw.co.il/התיישנות-תביעת-פנסיית-נכות/,,0,48,0%,23.12
https://www.ronkinlaw.co.il/תאונת-דרכים-אופניים/,,0,48,0%,28.25
https://www.ronkinlaw.co.il/עורך-דין-רשלנות-רפואית/רשלנות-רפואית-בהיריון/,,0,48,0%,86.81
https://www.ronkinlaw.co.il/אובדן-כושר-עבודה-לנהג/,,0,47,0%,48.34
https://www.ronkinlaw.co.il/עורך-דין-ביטוח/עורך-דין-תביעות-ביטוח-נסיעות-לחול/,,0,46,0%,49.11
https://www.ronkinlaw.co.il/תביעת-ביטוח-הצפה-בדירה/,,0,45,0%,32.4
https://www.ronkinlaw.co.il/תביעת-ביטוח-אובדן-כושר-עבודה/טעות-סוכן-ביטוח-באובדן-כושר-עבודה/,,0,44,0%,22.16
https://www.ronkinlaw.co.il/פיצויים-תאונת-אופנוע/,,0,44,0%,26.98
https://www.ronkinlaw.co.il/פטור-ממס-עקב-מחלת-נפש/,,0,43,0%,23.23
https://www.ronkinlaw.co.il/עורך-דין-תאונות-עבודה/תאונת-עבודה-החמרת-מצב/,,0,41,0%,8.51
https://www.ronkinlaw.co.il/עורך-דין-נזיקין/תאונה-בבית-ספר/פיצוי-עקב-אלימות-בבית-ספר/,,0,41,0%,18.68
https://www.ronkinlaw.co.il/תביעה-נגד-העירייה-עקב-הצפה/,,0,41,0%,44.93
https://www.ronkinlaw.co.il/עורך-דין-מומלץ-לתאונות-דרכים/,,0,41,0%,64.61
https://www.ronkinlaw.co.il/רשלנות-בעריכת-הסכם/,,0,40,0%,44.58
https://www.ronkinlaw.co.il/ערעור-תאונות-דרכים/,,0,40,0%,50.8
https://www.ronkinlaw.co.il/טיפים-לאובדן-כושר-עבודה/,,0,39,0%,54.69
https://www.ronkinlaw.co.il/עורך-דין-תאונות-דרכים/תאונה-בזמן-טיפול-ברכב-או-תיקון/,,0,37,0%,34.19
https://www.ronkinlaw.co.il/רשלנות-הסכם-ממון/,,0,37,0%,51.46
https://www.ronkinlaw.co.il/תאונה-עם-רישיון-נהיגה-זר/,,0,36,0%,37.39
https://www.ronkinlaw.co.il/אובדן-כושר-עבודה-של-עובד-היי-טק/,,0,36,0%,48.19
https://www.ronkinlaw.co.il/חוקרים-פרטיים-ביטוח-סיעודי/,,0,36,0%,55.03
https://www.ronkinlaw.co.il/עורך-דין-ביטוח/עורך-דין-תביעות-ביטוח-סיעודי/ביטוח-סיעודי/גמלת-סיעוד/,,0,36,0%,59.08
https://www.ronkinlaw.co.il/היוון-תגמולי-ביטוח-אובדן-כושר-עבודה/,,0,36,0%,67.08
https://www.ronkinlaw.co.il/עורך-דין-תאונות-דרכים/תאונת-דרכים-אופנוע/,,0,35,0%,24.83
https://www.ronkinlaw.co.il/עורך-דין-ביטוח/תביעה-נגד-קרן-פנסיה/עורך-דין-פנסיה/,,0,35,0%,32.31
https://www.ronkinlaw.co.il/תביעת-ביטוח-אובדן-כושר-עבודה/אובדן-כושר-עבודה-פנסיה/,,0,35,0%,64.09
https://www.ronkinlaw.co.il/עורך-דין-תאונות-עבודה/תאונת-עבודה-בבניין/,,0,34,0%,8.76
https://www.ronkinlaw.co.il/עורך-דין-ביטוח-לאומי/חוות-דעת-לביטוח-לאומי/,,0,34,0%,27.82
https://www.ronkinlaw.co.il/תביעת-ביטוח-אובדן-כושר-עבודה/חובת-ביטוח-פנסיוני/,,0,34,0%,57.09
https://www.ronkinlaw.co.il/עורך-דין-נזיקין/בור-במגרש-כדורגל/,,0,33,0%,3.36
https://www.ronkinlaw.co.il/התיישנות-תביעה-אובדן-כושר-עבודה/,,0,33,0%,18.24
https://www.ronkinlaw.co.il/עורך-דין-ביטוח/ביטוח-מחלות-קשות/תביעת-ביטוח-מחלות-קשות/,,0,33,0%,21.85
https://www.ronkinlaw.co.il/עורך-דין-תאונות-דרכים/תאונת-דרכים-בדרך-לעבודה/,,0,33,0%,33.03
https://www.ronkinlaw.co.il/עורך-דין-ביטוח/ביטוח-אחריות/,,0,33,0%,65.18
https://www.ronkinlaw.co.il/תביעת-ביטוח-אובדן-כושר-עבודה/תביעה-אובדן-כושר-עבודה-2/אובדן-כושר-עבודה-של-רואה-חשבון/,,0,32,0%,34.28
https://www.ronkinlaw.co.il/קיזוז-ביטוח-לאומי-מהפיצויים/,,0,32,0%,50.06
https://www.ronkinlaw.co.il/עורך-דין-ביטוח/עורך-דין-תביעות-ביטוח-סיעודי/ביטוח-סיעודי/תביעה-ביטוח-סיעודי/,,0,31,0%,40.23
https://www.ronkinlaw.co.il/עורך-דין-תאונות-דרכים/סעיף-330-לחוק-הביטוח-הלאומי/,,0,30,0%,10.93
https://www.ronkinlaw.co.il/עורך-דין-נזיקין/טביעה-בים/,,0,30,0%,13.93
https://www.ronkinlaw.co.il/עורך-דין-ביטוח/ביטוח-חבות-המוצר/,,0,30,0%,24.03
https://www.ronkinlaw.co.il/רשלנות-תסמונת-x-שביר/,,0,30,0%,62.03
https://www.ronkinlaw.co.il/עורך-דין-תאונות-דרכים/ניהול-תביעת-תאונת-דרכים-וחישוב-פיצוי/פגיעה-נפשית-בתאונת-דרכים/,,0,29,0%,15.1
https://www.ronkinlaw.co.il/עורך-דין-ביטוח/עורך-דין-ביטוח-קבלנים/,,0,29,0%,65.31
https://www.ronkinlaw.co.il/עורך-דין-ביטוח/עורך-דין-תביעות-ביטוח-רכב/תביעות-ביטוח-רכב/גניבת-רכב-ביטוח/,,0,28,0%,13.21
https://www.ronkinlaw.co.il/עורך-דין-רשלנות-רפואית/רשלנות-רפואית-באבחון-סרטן/אי-אבחון-סרטן-כליה/,,0,28,0%,16.82
https://www.ronkinlaw.co.il/בדיקת-רופא-בביטוח-סיעודי/,,0,28,0%,18.57
https://www.ronkinlaw.co.il/גישור-בתביעת-ביטוח/,,0,27,0%,7.93
https://www.ronkinlaw.co.il/תביעה-נגד-עורך-דין/ביטוח-אחריות-מקצועית-של-עורכי-דין/,,0,27,0%,38.63
https://www.ronkinlaw.co.il/פסקי-דין/תביעות-ביטוח/תאונת-פגע-וברח-נטל-ההוכחה/,,0,27,0%,57.67
https://www.ronkinlaw.co.il/תאונת-עבודה-עקב-תקיפה/,,0,27,0%,63.26
https://www.ronkinlaw.co.il/category/אובדן-כושר-עבודה/,,0,27,0%,65.48
https://www.ronkinlaw.co.il/עורך-דין-ביטוח/עורך-דין-תביעות-ביטוח-בריאות/ביטוח-השתלות/,,0,26,0%,26.96
https://www.ronkinlaw.co.il/אופן-חישוב-הפיצויים/,,0,26,0%,43.5
https://www.ronkinlaw.co.il/עורך-דין-ביטוח-קבלנים/,,0,26,0%,62.54
https://www.ronkinlaw.co.il/תאונה-בבריכה/,,0,25,0%,7.08
https://www.ronkinlaw.co.il/עורך-דין-ביטוח/תביעה-ביטוח-חיים/מה-גובר-מוטבים-בפוליסה-או-צוואה/,,0,25,0%,10.2
https://www.ronkinlaw.co.il/עיקול-ביטוח-חיים/,,0,25,0%,16.64
https://www.ronkinlaw.co.il/עורך-דין-נזיקין/מתי-ניתן-להגיש-תביעה/,,0,25,0%,17.32
https://www.ronkinlaw.co.il/פסקי-דין/דיני-עבודה/פיצויי-פיטורים-עקב-הרעת-תנאים/,,0,25,0%,38.56
https://www.ronkinlaw.co.il/עורך-דין-ביטוח/עורך-דין-תביעות-ביטוח-סיעודי/ביטוח-סיעודי/ביטוח-סיעודי-של-קופת-חולים/,,0,25,0%,50.68
https://www.ronkinlaw.co.il/עורך-דין-תאונות-עבודה/תביעה-נגד-הביטוח-של-המעסיק/,,0,25,0%,66
https://www.ronkinlaw.co.il/עורך-דין-תאונות-דרכים/תאונה-משאית/,,0,24,0%,9.79
https://www.ronkinlaw.co.il/הפיצוי-לנפגע-משותק/,,0,24,0%,26.21
https://www.ronkinlaw.co.il/תביעת-ביטוח-אובדן-כושר-עבודה/אובדן-כושר-עבודה-לאחר-פיטורין/,,0,24,0%,31.62
https://www.ronkinlaw.co.il/category/דיני-ביטוח/ביטוח-אחריות/,,0,24,0%,33.88
https://www.ronkinlaw.co.il/עורך-דין-ביטוח/עורך-דין-תביעות-ביטוח-סיעודי/ביטוח-סיעודי/דחיית-תביעה-ביטוח-סיעודי/,,0,24,0%,45.29
https://www.ronkinlaw.co.il/עורך-דין-ביטוח/עורך-דין-תביעות-ביטוח-מסחרי/ביטוח-דירקטורים-ונושאי-משרה/,,0,24,0%,68.12
https://www.ronkinlaw.co.il/מס-הכנסה-בתביעות-אובדן-כושר-עבודה/,,0,23,0%,16.87
https://www.ronkinlaw.co.il/עורך-דין-תאונות-עבודה/פגיעה-עקב-עומס-עבודה/,,0,23,0%,17.52
https://www.ronkinlaw.co.il/אובדן-כושר-עבודה-מלא/,,0,23,0%,37.43
https://www.ronkinlaw.co.il/עורך-דין-תאונות-דרכים/תביעת-ביטוח-חובה/תאונת-דרכים-אופניים/,,0,23,0%,43.87
https://www.ronkinlaw.co.il/עורך-דין-ביטוח/עורך-דין-תביעות-ביטוח-סיעודי/ביטוח-סיעודי/ביטוח-לאומי-סיעוד/,,0,23,0%,55.04
https://www.ronkinlaw.co.il/עורך-דין-ביטוח/תביעה-ביטוח-חיים/הראיות/,,0,22,0%,6.23
https://www.ronkinlaw.co.il/רשלנות-רופא-משפחה/,,0,21,0%,45.95
https://www.ronkinlaw.co.il/עורך-דין-דיני-עבודה/עורך-דין-דיני-עבודה-במרכז/,,0,21,0%,57.9
https://www.ronkinlaw.co.il/אמצעי-מיגון-אינם-תנאי-לקיום-הפוליסה/,,0,20,0%,31.4
https://www.ronkinlaw.co.il/תביעה-נגד-הביטוח-של-המעסיק/,,0,20,0%,61.4
https://www.ronkinlaw.co.il/זכויות-נשים-בהריון/פיטורי-אישה-בהריון/,,0,20,0%,68
https://www.ronkinlaw.co.il/הגבלת-גיל-נהג-דיון-נוסף-אבי-פיקאלי/,,0,19,0%,13.68
https://www.ronkinlaw.co.il/תביעה-נגד-עורך-דין/שכר-טרחה-בתביעה-נגד-עורך-דין/,,0,19,0%,17.84
https://www.ronkinlaw.co.il/מבוטח-מעורב-בגניבה/,,0,19,0%,39.26
https://www.ronkinlaw.co.il/תקנות-הפיקוח-על-שירותים-פיננסיים-ביטו-3/,,0,19,0%,58
https://www.ronkinlaw.co.il/תביעה-נגד-עורך-דין/עורך-דין-לא-עונה-לטלפונים/,,0,18,0%,8.17
https://www.ronkinlaw.co.il/תביעה-ביטוח-ספורטאים/,,0,18,0%,24.61
https://www.ronkinlaw.co.il/רשלנות-ייעוץ-גנטי/,,0,18,0%,37.5
https://www.ronkinlaw.co.il/תאונה-להולך-רגל-עם-מספר-כלי-רכב/,,0,18,0%,56.89
https://www.ronkinlaw.co.il/דמי-הבראה/,,0,18,0%,85.28
https://www.ronkinlaw.co.il/חידוש-פוליסה/,,0,18,0%,88.5
https://www.ronkinlaw.co.il/עורך-דין-תאונות-דרכים/תאונת-דרכים-באוטובוס/,,0,17,0%,16.82
https://www.ronkinlaw.co.il/תאונת-עבודה-עם-סכין/,,0,17,0%,21.82
https://www.ronkinlaw.co.il/עורך-דין-תאונות-דרכים/תביעת-ביטוח-חובה/תאונה-עם-מלגזה/,,0,17,0%,35.06
https://www.ronkinlaw.co.il/עורך-דין-ביטוח-לאומי/תאונת-עבודה-ביטוח-לאומי/תאונת-עבודה-עקב-תקיפה/,,0,17,0%,56.12
https://www.ronkinlaw.co.il/תביעה-נגד-עורך-דין/רשלנות-עורך-דין-התיישנות/,,0,17,0%,84.88
https://www.ronkinlaw.co.il/פסקי-דין/תביעות-ביטוח/הגבלת-גיל-נהג-דיון-נוסף-אבי-פיקאלי/,,0,16,0%,13.75
https://www.ronkinlaw.co.il/עורך-דין-רשלנות-רפואית/רשלנות-רפואית-של-רופא-עור/,,0,16,0%,39.56
https://www.ronkinlaw.co.il/תביעת-ביטוח-אובדן-כושר-עבודה/אובדן-כושר-עבודה-מלא/,,0,16,0%,51.12
https://www.ronkinlaw.co.il/תקופת-אכשרה-בקרן-פנסיה-נטילת-תרופה/,,0,16,0%,54.75
https://www.ronkinlaw.co.il/category/medical-negligence-childbirth/,,0,16,0%,68
https://www.ronkinlaw.co.il/עורך-דין-תאונות-דרכים/עורך-דין-תאונת-אופנוע/פיצויים-תאונת-אופנוע/,,0,15,0%,7.8
https://www.ronkinlaw.co.il/תאונה-בחוג/,,0,15,0%,29.8
https://www.ronkinlaw.co.il/תאונה-נפילה-במדרכה/,,0,15,0%,47.27
https://www.ronkinlaw.co.il/עורך-דין-ביטוח/עורך-דין-תביעות-ביטוח-סיעודי/ביטוח-סיעודי/מעבר-בין-ביטוחי-סיעוד/,,0,15,0%,63.87
https://www.ronkinlaw.co.il/עורך-דין-ביטוח/עורך-דין-תביעות-ביטוח-רכב/תביעות-ביטוח-רכב/אמצעי-מיגון-אינם-תנאי-לקיום-הפוליסה/,,0,14,0%,9.43
https://www.ronkinlaw.co.il/אחריות-מעביד-ביטוח-רכב/,,0,14,0%,21.5
https://www.ronkinlaw.co.il/הסיכון-המבוטח/,,0,13,0%,5.85
https://www.ronkinlaw.co.il/עורך-דין-ביטוח/עורך-דין-תביעות-ביטוח-סיעודי/ביטוח-סיעודי/התיישנות-ביטוח-סיעודי/,,0,13,0%,14
https://www.ronkinlaw.co.il/עורך-דין-ביטוח/עורך-דין-תביעות-ביטוח-סיעודי/ביטוח-סיעודי/תביעת-ביטוח-סיעודי-אלצהיימר/,,0,13,0%,20.23
https://www.ronkinlaw.co.il/תביעה-נגד-שגרירות/,,0,13,0%,25.92
https://www.ronkinlaw.co.il/עורך-דין-ביטוח-לאומי/פטור-ממס-הכנסה-לנכה/פטור-ממס-עקב-מחלת-נפש/,,0,13,0%,40.15
https://www.ronkinlaw.co.il/תביעת-ביטוח-אובדן-כושר-עבודה/תביעה-אובדן-כושר-עבודה-2/אובדן-כושר-עבודה-לנהג/,,0,13,0%,45.31
https://www.ronkinlaw.co.il/עורך-דין-דיני-עבודה/ייצוג-מעסיקים-מעבידים/,,0,13,0%,84.15
https://www.ronkinlaw.co.il/עורך-דין-ביטוח/עורך-דין-תביעות-ביטוח-רכב/תביעות-ביטוח-רכב/טוטאל-לוס-ואובדן-להלכה/,,0,12,0%,17.5
https://www.ronkinlaw.co.il/גניבת-רכב-בלתי-מאוייש/,,0,12,0%,18.5
https://www.ronkinlaw.co.il/תקנות-הפיקוח-על-עסקי-ביטוח-תנאי-חוזה/,,0,12,0%,22.92
https://www.ronkinlaw.co.il/רשלנות-עורך-דין-בהסכם-פשרה/,,0,12,0%,29.42
https://www.ronkinlaw.co.il/פיצויי-פיטורים-עקב-הרעת-תנאים/,,0,12,0%,41.33
https://www.ronkinlaw.co.il/רשלנות-רפואית-בניתוח/,,0,12,0%,52.67
https://www.ronkinlaw.co.il/category/car-accidents/תאונות-אופנוע/,,0,12,0%,58.08
https://www.ronkinlaw.co.il/תביעת-ביטוח-מקיף/,,0,12,0%,61.25
https://www.ronkinlaw.co.il/פקודת-ביטוח-רכב-מנועי/,,0,12,0%,83.5
https://www.ronkinlaw.co.il/תקנות-הפיקוח-על-עסקי-ביטוח-תנאים-בחוזי/,,0,11,0%,15.27
https://www.ronkinlaw.co.il/עורך-דין-תאונות-דרכים/תביעה-נגד-קרנית-תאונה-ללא-ביטוח/תאונת-פגע-וברח/,,0,11,0%,21.18
https://www.ronkinlaw.co.il/תביעה-נגד-עורך-דין/רשלנות-עורך-דין/פשרה-ללא-הסכמה/,,0,11,0%,37.36
https://www.ronkinlaw.co.il/עורך-דין-ביטוח/עורך-דין-תביעות-ביטוח-רכב/תביעות-ביטוח-רכב/פסק-דין-טענה-שהמבוטח-מעורב/,,0,11,0%,40.09
https://www.ronkinlaw.co.il/עורך-דין-ביטוח/ביטוח-תלמידים/טופס-תביעה-ביטוח-תלמידים/,,0,11,0%,44.36
https://www.ronkinlaw.co.il/תביעה-נגד-עורך-דין/רשלנות-עורך-דין/רשלנות-הסכם-ממון/,,0,11,0%,49.55
https://www.ronkinlaw.co.il/תביעת-ביטוח-אובדן-כושר-עבודה/סמכות-ואגרות-בתביעת-אובדן-כושר-עבודה/,,0,11,0%,61.36
https://www.ronkinlaw.co.il/עורך-דין-תאונות-דרכים/עורך-דין-תאונת-אופנוע/תאונת-אופנוע-ללא-ביטוח/,,0,10,0%,15
https://www.ronkinlaw.co.il/תביעה-נגד-עורך-דין/עורך-דין-לא-הגיש-כתב-הגנה/,,0,10,0%,21.2
https://www.ronkinlaw.co.il/עורך-דין-תאונות-דרכים/מדריך-לנפגע/,,0,10,0%,41.3
https://www.ronkinlaw.co.il/מומחה-רפואי-בתביעות-תאונות-דרכים/,,0,10,0%,56.1
https://www.ronkinlaw.co.il/רשלנות-רפואית-באי-אבחון-היפרדות-רשתית/,,0,9,0%,10.33
https://www.ronkinlaw.co.il/עורך-דין-ביטוח/עורך-דין-תביעות-ביטוח-רכב/תביעות-ביטוח-רכב/התליית-רישיון-נהיגה/,,0,9,0%,12.89
https://www.ronkinlaw.co.il/עורך-דין-ביטוח/תביעה-ביטוח-חיים/עורך-דין-תביעות-ביטוח-חיים/,,0,9,0%,37.56
https://www.ronkinlaw.co.il/עורך-דין-ביטוח/תביעה-ביטוח-חיים/התיישנות-בתביעות-ביטוח/,,0,9,0%,37.78
https://www.ronkinlaw.co.il/פסקי-דין/דיני-עבודה/תביעה-בעניין-עובדים-זרים/,,0,9,0%,47.78
https://www.ronkinlaw.co.il/תנאי-חוזה-לביטוח-דירות/,,0,9,0%,80.78
https://www.ronkinlaw.co.il/עורך-דין-ביטוח/דיני-ביטוח/ביטוח-חסר/,,0,8,0%,9
https://www.ronkinlaw.co.il/תאונה-עם-שופל/,,0,8,0%,18.38
https://www.ronkinlaw.co.il/זכות-החזרה/,,0,8,0%,27.62
https://www.ronkinlaw.co.il/עורך-דין-נזיקין/תאונה-נפילה-במדרכה/,,0,8,0%,30.62
https://www.ronkinlaw.co.il/הצלחות-המשרד/תביעה-נגד-קרן-פנסיה-מצב-רפואי-קודם/,,0,8,0%,38.5
https://www.ronkinlaw.co.il/תביעת-ביטוח-סיעודי-לחולה-פרקינסון/,,0,8,0%,43.25
https://www.ronkinlaw.co.il/רשלנות-רפואית-בצנתור-לב/,,0,8,0%,49.38
https://www.ronkinlaw.co.il/עורך-דין-תאונות-עבודה/נפילה-מסולם/,,0,7,0%,2.14
https://www.ronkinlaw.co.il/עורך-דין-תאונות-דרכים/תאונת-דרכים-עם-טרקטורון/,,0,7,0%,10.57
https://www.ronkinlaw.co.il/עורך-דין-תאונות-דרכים/ניהול-תביעת-תאונת-דרכים-וחישוב-פיצוי/חישוב-נכות-רפואית-משוקללת/,,0,7,0%,11.57
https://www.ronkinlaw.co.il/עורך-דין-נזיקין/נפילה-במדרגות/,,0,7,0%,12.14
https://www.ronkinlaw.co.il/תביעת-ביטוח-אובדן-כושר-עבודה/מס-הכנסה-בתביעות-אובדן-כושר-עבודה/,,0,7,0%,15.43
https://www.ronkinlaw.co.il/תאונה-במגרש-משחקים/,,0,7,0%,25.29
https://www.ronkinlaw.co.il/עורך-דין-נזיקין/תאונה-בבריכה/,,0,7,0%,29.43
https://www.ronkinlaw.co.il/מקרה-ביטוח-בשטחים/,,0,7,0%,40.43
https://www.ronkinlaw.co.il/תביעת-ביטוח-אובדן-כושר-עבודה/התיישנות-תביעה-אובדן-כושר-עבודה/,,0,7,0%,44.57
https://www.ronkinlaw.co.il/מפת-אתר/,,0,7,0%,54
https://www.ronkinlaw.co.il/ביטול-ביטוח-חיים-עי-בן-זוג/,,0,7,0%,73.14
https://www.ronkinlaw.co.il/עורך-דין-רשלנות-רפואית/רשלנות-רפואית-בהיריון/רשלנות-תסמונת-x-שביר/,,0,7,0%,84.14
https://www.ronkinlaw.co.il/category/דיני-ביטוח/ביטוח-רכוש/,,0,7,0%,95.71
https://www.ronkinlaw.co.il/עורך-דין-רשלנות-רפואית/תביעה-נגד-בית-חולים/,,0,6,0%,5
https://www.ronkinlaw.co.il/עורך-דין-תאונות-דרכים/הפיצוי-לנפגע-משותק/,,0,6,0%,6.83
https://www.ronkinlaw.co.il/עורך-דין-ביטוח/ביטוח-תלמידים/צלקת-בביטוח-תלמידים/,,0,6,0%,14.5
https://www.ronkinlaw.co.il/עורך-דין-ביטוח/עורך-דין-תביעות-ביטוח-דירה/ביטול-ביטוח-משכנתא/,,0,6,0%,16.33
https://www.ronkinlaw.co.il/תאונת-דרכים-בכוונה/,,0,6,0%,17.5
https://www.ronkinlaw.co.il/עורך-דין-ביטוח/עורך-דין-תביעות-ביטוח-רכב/תביעות-ביטוח-רכב/הוכחת-שווי-רכב/,,0,6,0%,18.67
https://www.ronkinlaw.co.il/תביעת-ביטוח-אובדן-כושר-עבודה/אובדן-כושר-עבודה-חלקי/,,0,6,0%,18.83
https://www.ronkinlaw.co.il/עורך-דין-ביטוח/תביעות-ביטוח-סוכן-ביטוח/רשלנות-סוכן-הביטוח/,,0,6,0%,22.67
https://www.ronkinlaw.co.il/עורך-דין-רשלנות-רפואית/רשלנות-רופא-משפחה/,,0,6,0%,37.83
https://www.ronkinlaw.co.il/פגיעה-ממנוף-משאית/,,0,6,0%,49
https://www.ronkinlaw.co.il/עורך-דין-ביטוח/תביעה-ביטוח-חיים/עורך-דין-ביטוח-חיים-ביטול-פוליסה/,,0,6,0%,51.83
https://www.ronkinlaw.co.il/תקנות-הפיקוח-על-שירותים-פיננסיים-ביטו-2/,,0,6,0%,56
https://www.ronkinlaw.co.il/זכויות-נשים-בהריון/,,0,6,0%,56.83
https://www.ronkinlaw.co.il/ביטוח-קולקטיבי-קבוצתי/,,0,6,0%,65.17
https://www.ronkinlaw.co.il/תנאי-חוזה-לביטוח-רכב-פרטי/,,0,6,0%,75
https://www.ronkinlaw.co.il/חידוש-אוטומטי-של-פוליסת-ביטוח/,,0,6,0%,75.17
https://www.ronkinlaw.co.il/פיטורי-אישה-בהריון/,,0,6,0%,76
https://www.ronkinlaw.co.il/ביטוח-דירה-התקנת-אמצעי-מיגון/,,0,5,0%,4
https://www.ronkinlaw.co.il/מהי-תאונת-דרכים-כנגד-מי-מגישים-תביעה/,,0,5,0%,4.6
https://www.ronkinlaw.co.il/חוות-דעת-מומחה-בביטוח-תלמידים/,,0,5,0%,5.2
https://www.ronkinlaw.co.il/תביעה-נגד-עורך-דין/רשלנות-עורך-דין/רשלנות-עורך-דין-במקרקעין/,,0,5,0%,9
https://www.ronkinlaw.co.il/תאונה-בקניון-החלקה-בקניון/,,0,5,0%,24.4
https://www.ronkinlaw.co.il/סעיף-בוררות-בהסכם-שכר-טרחה/,,0,5,0%,26
https://www.ronkinlaw.co.il/עורך-דין-תביעות-ביטוח-משכנתא/,,0,5,0%,30
https://www.ronkinlaw.co.il/פסקי-דין/תביעות-ביטוח/פסק-דין-תאונת-דרכים/,,0,5,0%,38.6
https://www.ronkinlaw.co.il/מדריך-לנפגע/,,0,5,0%,39
https://www.ronkinlaw.co.il/category/דיני-ביטוח/ביטוח-סיעודי/,,0,5,0%,69
https://www.ronkinlaw.co.il/הפרת-חובת-הגילוי-בכוונת-מרמה/,,0,5,0%,74.8
https://www.ronkinlaw.co.il/עורך-דין-דיני-עבודה/דמי-הבראה/,,0,5,0%,96.4
https://www.ronkinlaw.co.il/עורך-דין-ביטוח/תביעה-נגד-קרן-פנסיה/ארכת-ביטוח/,,0,4,0%,9.75
https://www.ronkinlaw.co.il/עורך-דין-תאונות-דרכים/התיישנות-תביעת-תאונת-דרכים/,,0,4,0%,10
https://www.ronkinlaw.co.il/עיכוב-בצו-ירושה-שגורם-להתיישנות/,,0,4,0%,23.75
https://www.ronkinlaw.co.il/רשלנות-רפואית-כמה-מקבלים/,,0,4,0%,33
https://www.ronkinlaw.co.il/עורך-דין-נזיקין/עורך-דין-נזקי-גוף/תאונה-בגן-שעשועים/,,0,4,0%,34.5
https://www.ronkinlaw.co.il/הצלחות-המשרד/תביעה-נגד-קרן-פנסיה-תקופת-אכשרה/,,0,4,0%,37
https://www.ronkinlaw.co.il/category/רשלנות-רפואית/,,0,4,0%,44.25
https://www.ronkinlaw.co.il/עורך-דין-דיני-עבודה/תביעה-נגד-שגרירות/,,0,4,0%,44.5
https://www.ronkinlaw.co.il/פסקי-דין/דיני-עבודה/,,0,4,0%,51.25
https://www.ronkinlaw.co.il/תאונה-ביום-כיף/,,0,4,0%,53.75
https://www.ronkinlaw.co.il/עורך-דין-נזיקין/תביעה-נגד-העירייה-עקב-הצפה/,,0,4,0%,55
https://www.ronkinlaw.co.il/עורך-דין-תאונות-דרכים/מומחה-רפואי-בתביעות-תאונות-דרכים/,,0,4,0%,65
https://www.ronkinlaw.co.il/תביעת-ביטוח-אובדן-כושר-עבודה/תביעה-אובדן-כושר-עבודה-2/אובדן-כושר-עבודה-למנהל/,,0,4,0%,77.5
https://www.ronkinlaw.co.il/עורך-דין-תאונות-דרכים/ערעור-תאונות-דרכים/,,0,4,0%,82.75
https://www.ronkinlaw.co.il/category/דיני-ביטוח/,,0,4,0%,85.25
https://www.ronkinlaw.co.il/עורך-דין-נזיקין/חובת-הצבת-דפיברילטור/,,0,3,0%,5.67
https://www.ronkinlaw.co.il/רשלנות-רפואית-של-מרכז-לרפואה-דחופה/,,0,3,0%,7
https://www.ronkinlaw.co.il/תביעה-נגד-עורך-דין/רשלנות-עורך-דין/הקטנת-נזק-על-ידי-הגשת-ערעור/,,0,3,0%,17.33
https://www.ronkinlaw.co.il/עורך-דין-ביטוח/עורך-דין-תביעות-ביטוח-דירה/תביעת-ביטוח-הצפה-בדירה/,,0,3,0%,20
https://www.ronkinlaw.co.il/עורך-דין-ביטוח/עורך-דין-תביעות-ביטוח-רכב/תביעות-ביטוח-רכב/תאונה-עם-רכב-שכור/,,0,3,0%,20.67
https://www.ronkinlaw.co.il/ייצוג-עורכי-דין-נתבעים/,,0,3,0%,29
https://www.ronkinlaw.co.il/category/דיני-ביטוח/תביעות-פנסיה/,,0,3,0%,29.67
https://www.ronkinlaw.co.il/רשלנות-רפואית-של-רופא-עור/,,0,3,0%,30
https://www.ronkinlaw.co.il/עורך-דין-ביטוח/תביעה-נגד-חברת-ביטוח/חוקרים-של-חברת-הביטוח/,,0,3,0%,31.33
https://www.ronkinlaw.co.il/עורך-דין-רשלנות-רפואית/רשלנות-רפואית-בלידה/רשלנות-בניטור-דופק-בלידה/,,0,3,0%,37
https://www.ronkinlaw.co.il/עורך-דין-ביטוח/עורך-דין-תביעות-ביטוח-רכב/תביעות-ביטוח-רכב/מקרה-ביטוח-בשטחים/,,0,3,0%,41
https://www.ronkinlaw.co.il/פגיעות-נפוצות-בתאונות-דרכים/,,0,3,0%,44
https://www.ronkinlaw.co.il/רשלנות-בעריכת-צוואה/,,0,3,0%,46
https://www.ronkinlaw.co.il/תביעה-נגד-עורך-דין/רשלנות-עורך-דין/רשלנות-עורך-דין-בקבוצת-רכישה/,,0,3,0%,49.33
https://www.ronkinlaw.co.il/עורך-דין-נזיקין/עורך-דין-נזקי-גוף/נפילה-בבור-בכביש/,,0,3,0%,59
https://www.ronkinlaw.co.il/עורך-דין-ביטוח/תביעה-נגד-חברת-ביטוח/שאלון/,,0,3,0%,61.33
https://www.ronkinlaw.co.il/ביטוח-רכוש/,,0,3,0%,98
https://www.ronkinlaw.co.il/category/תאונות-אופנוע/,,0,3,0%,111.67
https://www.ronkinlaw.co.il/עורך-דין-ביטוח/עורך-דין-תביעות-ביטוח-סיעודי/ביטוח-סיעודי/בדיקת-רופא-בביטוח-סיעודי/,,0,2,0%,4
https://www.ronkinlaw.co.il/עורך-דין-ביטוח/חוקים-ותקנות-בביטוח/תנאי-חוזה-לביטוח-דירות/,,0,2,0%,10
https://www.ronkinlaw.co.il/עורך-דין-רשלנות-רפואית/רשלנות-רפואית-באבחון-מחלה/רשלנות-בטיפול-בהתקף-לב/,,0,2,0%,10
https://www.ronkinlaw.co.il/category/ביטוח-רכב/,,0,2,0%,13
https://www.ronkinlaw.co.il/תקנות-הפיקוח-על-עסקי-ביטוח-תנאי-חוזה-לב/,,0,2,0%,15
https://www.ronkinlaw.co.il/עורך-דין-ביטוח/עורך-דין-תביעות-ביטוח-רכב/תביעות-ביטוח-רכב/הגבלת-גיל-נהג-צעיר/,,0,2,0%,15.5
https://www.ronkinlaw.co.il/עורך-דין-ביטוח/תביעה-ביטוח-חיים/עורך-דין-תביעות-ביטוח-משכנתא/,,0,2,0%,21.5
https://www.ronkinlaw.co.il/נזק-לאופנוע/,,0,2,0%,24.5
https://www.ronkinlaw.co.il/עורך-דין-ביטוח/תביעה-ביטוח-חיים/זיוף-כתב-מוטבים/,,0,2,0%,26.5
https://www.ronkinlaw.co.il/שכר-טרחה-בתביעה-נגד-עורך-דין/,,0,2,0%,28
https://www.ronkinlaw.co.il/עורך-דין-נזיקין/תאונה-בקניון-החלקה-בקניון/,,0,2,0%,31
https://www.ronkinlaw.co.il/עורך-דין-ביטוח/עורך-דין-תביעות-ביטוח-רכב/תביעות-ביטוח-רכב/שינוי-תנאי-המיגון/,,0,2,0%,33.5
https://www.ronkinlaw.co.il/עורך-דין-רשלנות-רפואית/רשלנות-רפואית-בהיריון/רשלנות-ייעוץ-גנטי/,,0,2,0%,34.5
https://www.ronkinlaw.co.il/תביעת-ביטוח-אובדן-כושר-עבודה/המלצות-לתביעה-אובדן-כושר-עבודה/,,0,2,0%,39
https://www.ronkinlaw.co.il/המלצות-לתביעה-אובדן-כושר-עבודה/,,0,2,0%,41.5
https://www.ronkinlaw.co.il/אודות/מהתקשורת/,,0,2,0%,48.5
https://www.ronkinlaw.co.il/category/רשלנות-רפואית/medical-negligence-in-pregnancy/,,0,2,0%,51.5
https://www.ronkinlaw.co.il/ביטול-ביטוח-חובה/,,0,2,0%,61.5
https://www.ronkinlaw.co.il/קביעת-נכות-בתאונת-דרכים-בעבודה/,,0,2,0%,64
https://www.ronkinlaw.co.il/עורך-דין-ביטוח/תביעה-נגד-קרן-פנסיה/תקופת-אכשרה-בקרן-פנסיה-נטילת-תרופה/,,0,2,0%,67.5
https://www.ronkinlaw.co.il/תאונת-אופנוע-מוטוקרוס/,,0,2,0%,68.5
https://www.ronkinlaw.co.il/מעבר-בין-ביטוחי-סיעוד/,,0,2,0%,70.5
https://www.ronkinlaw.co.il/תביעת-ביטוח-אובדן-כושר-עבודה/היוון-תגמולי-ביטוח-אובדן-כושר-עבודה/,,0,2,0%,76.5
https://www.ronkinlaw.co.il/עורך-דין-רשלנות-רפואית/תביעה-נגד-בית-חולים/רשלנות-רפואית-פגיעה-עצבית/,,0,2,0%,92.5
https://www.ronkinlaw.co.il/תאונת-מצנח/,,0,1,0%,2
https://www.ronkinlaw.co.il/תאונה-לאחר-שתיית-אלכוהול/,,0,1,0%,4
https://www.ronkinlaw.co.il/עורך-דין-נזיקין/עורך-דין-נזקי-גוף/תאונה-בחוג/,,0,1,0%,10
https://www.ronkinlaw.co.il/רשלנות-בעסקה/,,0,1,0%,10
https://www.ronkinlaw.co.il/category/ביטוח-תאונות-ומחלות/,,0,1,0%,12
https://www.ronkinlaw.co.il/עורך-דין-תאונות-דרכים/תאונה-עם-רישיון-נהיגה-זר/,,0,1,0%,19
https://www.ronkinlaw.co.il/category/ביטוח-אחריות/,,0,1,0%,22
https://www.ronkinlaw.co.il/עורך-דין-ביטוח/תביעה-ביטוח-חיים/עיקול-ביטוח-חיים/,,0,1,0%,27
https://www.ronkinlaw.co.il/ביטוח-חיים-קבוצתי/,,0,1,0%,29
https://www.ronkinlaw.co.il/עורך-דין-ביטוח/תביעה-ביטוח-ספורטאים/,,0,1,0%,29
https://www.ronkinlaw.co.il/גניבת-רכב-על-ידי-בן-משפחה/,,0,1,0%,30
https://www.ronkinlaw.co.il/category/lawsuit-against-karnit/,,0,1,0%,30
https://www.ronkinlaw.co.il/עורך-דין-ביטוח-חיים-ביטול-פוליסה/,,0,1,0%,32
https://www.ronkinlaw.co.il/חדר-מיון/,,0,1,0%,34
https://www.ronkinlaw.co.il/פסקי-דין/דיני-עבודה/חיוב-מעביד-לגלות-דוחות-מס-הכנסה/,,0,1,0%,37
https://www.ronkinlaw.co.il/עורך-דין-ביטוח/ביטוח-תלמידים/עורך-דין-ביטוח-תלמידים/חוות-דעת-מומחה-בביטוח-תלמידים/,,0,1,0%,42
https://www.ronkinlaw.co.il/תביעה-נגד-עורך-דין/רשלנות-בעריכת-הסכם/,,0,1,0%,42
https://www.ronkinlaw.co.il/צו-הרחבה-ביטוח-פנסיוני/,,0,1,0%,50
https://www.ronkinlaw.co.il/מצב-רפואי-קודם-2/,,0,1,0%,56
https://www.ronkinlaw.co.il/תביעת-ביטוח-תאונות-אישיות/,,0,1,0%,56
https://www.ronkinlaw.co.il/category/דיני-ביטוח/ביטוח-רכב/,,0,1,0%,56
https://www.ronkinlaw.co.il/רשלנות-עורך-דין-בבית-משפט/,,0,1,0%,58
https://www.ronkinlaw.co.il/עורך-דין-ביטוח/ביטוח-תאונות-אישיות/תביעת-ביטוח-תאונות-אישיות/,,0,1,0%,61
https://www.ronkinlaw.co.il/פיטורים-במהלך-ביצוע-טיפולי-פוריות/,,0,1,0%,62
https://www.ronkinlaw.co.il/עורך-דין-דיני-עבודה/יחסי-עובד-מעביד/,,0,1,0%,71
https://www.ronkinlaw.co.il/עורך-דין-נזיקין/תאונה-בחדר-כושר/,,0,1,0%,74
https://www.ronkinlaw.co.il/מהי-תאונת-עבודה/,,0,1,0%,77
https://www.ronkinlaw.co.il/תביעת-פנסיית-שארים/,,0,1,0%,78
https://www.ronkinlaw.co.il/עורך-דין-רשלנות-רפואית/רשלנות-רפואית-באבחון-סרטן/רשלנות-רפואית-סרטן-הערמונית/,,0,1,0%,79
https://www.ronkinlaw.co.il/זכויות-נשים-בהריון/פיטורים-במהלך-ביצוע-טיפולי-פוריות/,,0,1,0%,85
https://www.ronkinlaw.co.il/עורך-דין-דיני-עבודה/זכויות-נשים-בהריון/פיטורי-אישה-בהריון/,,0,1,0%,85
https://www.ronkinlaw.co.il/עורך-דין-התרשל-בהערכת-סכום-התביעה/,,0,1,0%,85
https://www.ronkinlaw.co.il/עורך-דין-תאונות-עבודה/תאונת-עבודה-של-שכיר/,,0,1,0%,95
https://www.ronkinlaw.co.il/עורך-דין-רשלנות-רפואית/רשלנות-רפואית-בצנתור-לב/,,0,1,0%,97
https://www.ronkinlaw.co.il/ביטוח-רשלנות-רפואית/,,0,1,0%,98
https://www.ronkinlaw.co.il/category/lawsuit-against-municipality/,,0,1,0%,122
https://www.ronkinlaw.co.il/category/medical-negligence-in-pregnancy/,,0,1,0%,140
https://www.ronkinlaw.co.il/תביעת-ביטוח-אובדן-כושר-עבודה/עורך-דין-מומלץ-לאובדן-כושר-עבודה/,,0,38,0%,102.24
https://www.ronkinlaw.co.il/עורך-דין-ביטוח/חוקים-ותקנות-בביטוח/ביטוח-חיים-קבוצתי/,,0,34,0%,24.03
https://www.ronkinlaw.co.il/category/דיני-ביטוח/ביטוח-אחריות/,,0,33,0%,54.24
https://www.ronkinlaw.co.il/תביעה-נגד-עורך-דין/רשלנות-עורך-דין/רשלנות-הסכם-ממון/,,0,33,0%,58.88
https://www.ronkinlaw.co.il/category/דיני-ביטוח/ביטוח-סיעודי/,,0,33,0%,65.88
https://www.ronkinlaw.co.il/עורך-דין-ביטוח/עורך-דין-תביעות-ביטוח-סיעודי/ביטוח-סיעודי/דחיית-תביעה-ביטוח-סיעודי/,,0,32,0%,45.41
https://www.ronkinlaw.co.il/עורך-דין-רשלנות-רפואית/תביעה-נגד-בית-חולים/רשלנות-רפואית-פגיעה-עצבית/,,0,32,0%,53.03
https://www.ronkinlaw.co.il/יחסי-עובד-מעביד/,,0,31,0%,60.65
https://www.ronkinlaw.co.il/תביעה-נגד-עורך-דין/רשלנות-בעריכת-הסכם/,,0,30,0%,30.8
https://www.ronkinlaw.co.il/עורך-דין-תאונות-עבודה/מהי-תאונת-עבודה/,,0,30,0%,76.67
https://www.ronkinlaw.co.il/עורך-דין-רשלנות-רפואית/רשלנות-רפואית-בהיריון/רשלנות-תסמונת-x-שביר/,,0,30,0%,79.3
https://www.ronkinlaw.co.il/תביעת-ביטוח-אובדן-כושר-עבודה/מס-הכנסה-בתביעות-אובדן-כושר-עבודה/,,0,29,0%,28.31
https://www.ronkinlaw.co.il/עורך-דין-תאונות-דרכים/תביעה-נגד-קרנית-תאונה-ללא-ביטוח/ביטול-ביטוח-חובה/,,0,29,0%,66.66
https://www.ronkinlaw.co.il/מידע-מקצועי/,,0,28,0%,40.21
https://www.ronkinlaw.co.il/רשלנות-כאבי-גב-בהיריון/,,0,28,0%,48.07
https://www.ronkinlaw.co.il/category/medical-negligence-in-pregnancy/,,0,28,0%,113.18
https://www.ronkinlaw.co.il/category/חקיקה-בביטוח/,,0,27,0%,17.41
https://www.ronkinlaw.co.il/פסקי-דין/דיני-עבודה/חיוב-מעביד-לגלות-דוחות-מס-הכנסה/,,0,27,0%,55.67
https://www.ronkinlaw.co.il/ביטוח-רכוש/,,0,27,0%,62.74
https://www.ronkinlaw.co.il/תביעה-נגד-עורך-דין/עורך-דין-התרשל-בהערכת-סכום-התביעה/,,0,26,0%,19.38
https://www.ronkinlaw.co.il/ביטוח-רשלנות-רפואית/,,0,25,0%,65.04
https://www.ronkinlaw.co.il/עורך-דין-ביטוח/עורך-דין-תביעות-ביטוח-רכב/תביעות-ביטוח-רכב/הוכחת-שווי-רכב/,,0,24,0%,30.38
https://www.ronkinlaw.co.il/התפטרות-אשר-דינה-כדין-פיטורין/,,0,24,0%,77.08
https://www.ronkinlaw.co.il/עורך-דין-ביטוח/חיוב-חברת-ביטוח-בהוצאות/,,0,23,0%,20.22
https://www.ronkinlaw.co.il/עורך-דין-תאונות-דרכים/מהי-תאונת-דרכים-כנגד-מי-מגישים-תביעה/,,0,23,0%,37.83
https://www.ronkinlaw.co.il/עורך-דין-ביטוח/עורך-דין-תביעות-ביטוח-סיעודי/ביטוח-סיעודי/תביעת-ביטוח-סיעודי-אלצהיימר/,,0,23,0%,40.22
https://www.ronkinlaw.co.il/category/דיני-ביטוח/ביטוח-רכוש/,,0,23,0%,91.57
https://www.ronkinlaw.co.il/faq/,,0,22,0%,9.64
https://www.ronkinlaw.co.il/פסקי-דין/תביעות-ביטוח/,,0,22,0%,24.77
https://www.ronkinlaw.co.il/עורך-דין-רשלנות-רפואית/רשלנות-רפואית-בהיריון/רשלנות-כאבי-גב-בהיריון/,,0,22,0%,50
https://www.ronkinlaw.co.il/category/חוזרים-והכרעות/,,0,22,0%,55.27
https://www.ronkinlaw.co.il/אודות/מהתקשורת/,,0,21,0%,25.95
https://www.ronkinlaw.co.il/תביעת-ביטוח-אובדן-כושר-עבודה/המלצות-לתביעה-אובדן-כושר-עבודה/,,0,21,0%,50.14
https://www.ronkinlaw.co.il/תביעת-ביטוח-אובדן-כושר-עבודה/אובדן-כושר-עבודה-של-עובד-היי-טק/,,0,20,0%,27.3
https://www.ronkinlaw.co.il/category/car-accidents/,,0,20,0%,58.25
https://www.ronkinlaw.co.il/category/ביטוח-רכב/,,0,20,0%,65.7
https://www.ronkinlaw.co.il/category/ביטוח-לאומי/,,0,20,0%,76.9
https://www.ronkinlaw.co.il/רשלנות-בניטור-דופק-בלידה/,,0,19,0%,30.95
https://www.ronkinlaw.co.il/עורך-דין-ביטוח/חוקים-ותקנות-בביטוח/תנאי-חוזה-לביטוח-רכב-פרטי/,,0,19,0%,39
https://www.ronkinlaw.co.il/תביעת-ביטוח-תאונות-אישיות/,,0,19,0%,52.05
https://www.ronkinlaw.co.il/עורך-דין-תאונות-עבודה/תאונת-עבודה-של-שכיר/,,0,19,0%,73.63
https://www.ronkinlaw.co.il/עורך-דין-דיני-עבודה/שעות-נוספות/,,0,19,0%,80.37
https://www.ronkinlaw.co.il/עורך-דין-דיני-עבודה/שימוע/,,0,19,0%,90.68
https://www.ronkinlaw.co.il/רשלנות-בייצוג-של-בן-משפחה/,,0,18,0%,21.11
https://www.ronkinlaw.co.il/עורך-דין-ביטוח/תביעה-ביטוח-חיים/עיקול-ביטוח-חיים/,,0,18,0%,30.83
https://www.ronkinlaw.co.il/עורך-דין-ביטוח/תביעה-ביטוח-חיים/עורך-דין-תביעות-ביטוח-משכנתא/,,0,18,0%,31.83
https://www.ronkinlaw.co.il/עורך-דין-ביטוח/עורך-דין-תביעות-ביטוח-רכב/תביעות-ביטוח-רכב/מבוטח-מעורב-בגניבה/,,0,18,0%,38.5
https://www.ronkinlaw.co.il/עורך-דין-ביטוח/דיני-ביטוח/ביטוח-חסר/,,0,17,0%,18.47
https://www.ronkinlaw.co.il/עורך-דין-ביטוח/עורך-דין-תביעות-ביטוח-רכב/תביעות-ביטוח-רכב/נזק-לאופנוע/,,0,17,0%,29
https://www.ronkinlaw.co.il/חוק-חוזה-הביטוח/,,0,17,0%,80.41
https://www.ronkinlaw.co.il/category/תביעות-פנסיה/,,0,16,0%,45.75
https://www.ronkinlaw.co.il/category/דיני-ביטוח/ביטוח-רכב/,,0,16,0%,78.06
https://www.ronkinlaw.co.il/category/work-accident-lawyer/,,0,16,0%,183.94
https://www.ronkinlaw.co.il/שימוע/,,0,15,0%,8.13
https://www.ronkinlaw.co.il/תביעת-ביטוח-אובדן-כושר-עבודה/אובדן-כושר-עבודה-חלקי/,,0,15,0%,18.47
https://www.ronkinlaw.co.il/category/דיני-ביטוח/ביטוח-תאונות-ומחלות/,,0,14,0%,47.29
https://www.ronkinlaw.co.il/עורך-דין-ביטוח/חוקים-ותקנות-בביטוח/תנאי-חוזה-לביטוח-דירות/,,0,13,0%,16.85
https://www.ronkinlaw.co.il/עורך-דין-ביטוח/חוקים-ותקנות-בביטוח/,,0,13,0%,24.62
https://www.ronkinlaw.co.il/צור-קשר-בדיקה/,,0,13,0%,30.38
https://www.ronkinlaw.co.il/פסקי-דין/דיני-עבודה/פיצויים-עקב-אי-ביטוח-פנסיוני/,,0,13,0%,39.08
https://www.ronkinlaw.co.il/עורך-דין-תאונות-דרכים/תאונת-דרכים-הולך-רגל/תאונה-להולך-רגל-עם-מספר-כלי-רכב/,,0,12,0%,37.08
https://www.ronkinlaw.co.il/תוקף-חוזה-ביטוח-טרם-הפקת-הפוליסה/,,0,12,0%,56.08
https://www.ronkinlaw.co.il/תביעת-ביטוח-אובדן-כושר-עבודה/מה-זה-אובדן-כושר-עבודה/,,0,12,0%,61.33
https://www.ronkinlaw.co.il/category/car-accidents/lawsuit-against-karnit/,,0,11,0%,31.36
https://www.ronkinlaw.co.il/אודות/הצהרת-נגישות/,,0,11,0%,40
https://www.ronkinlaw.co.il/עורך-דין-ביטוח/הפרת-חובת-הגילוי-בכוונת-מרמה/,,0,11,0%,47.27
https://www.ronkinlaw.co.il/פקודת-ביטוח-רכב-מנועי-נוסח-חדש-תשל-1970/,,0,11,0%,60.27
https://www.ronkinlaw.co.il/זכויות-נשים-בהריון/,,0,11,0%,62.09
https://www.ronkinlaw.co.il/עורך-דין-דיני-עבודה/התפטרות-אשר-דינה-כדין-פיטורין/,,0,11,0%,71.64
https://www.ronkinlaw.co.il/עורך-דין-ביטוח/דיני-ביטוח/הפרת-חובת-הגילוי-הצתה/,,0,10,0%,19.4
https://www.ronkinlaw.co.il/עורך-דין-ביטוח/תביעה-ביטוח-חיים/זיוף-כתב-מוטבים/,,0,10,0%,23.6
https://www.ronkinlaw.co.il/חובת-המבטחת-להודיע-למבוטח-את-עמדתה/,,0,10,0%,24.8
https://www.ronkinlaw.co.il/הוראות-בדבר-טפסי-קבלה-ושחרור-2/,,0,10,0%,33.7
https://www.ronkinlaw.co.il/זכויות-נשים-בהריון/פיטורים-במהלך-ביצוע-טיפולי-פוריות/,,0,10,0%,85.5
https://www.ronkinlaw.co.il/הפיצוי-לנפגע-עם-נכות-נמוכה/,,0,9,0%,47.56
https://www.ronkinlaw.co.il/תביעה-נגד-עורך-דין/רשלנות-בעסקה/,,0,9,0%,71
https://www.ronkinlaw.co.il/category/זכויות-נשים-בהריון/,,0,9,0%,72.44
https://www.ronkinlaw.co.il/אי-המצאת-הפוליסה-המלאה-ותנאי-הפוליסה-ה/,,0,8,0%,6.25
https://www.ronkinlaw.co.il/category/נזיקין/,,0,8,0%,24.88
https://www.ronkinlaw.co.il/עורך-דין-נזיקין/עורך-דין-נזקי-גוף/תאונת-מצנח/,,0,8,0%,29.5
https://www.ronkinlaw.co.il/עורך-דין-תאונות-דרכים/פגיעה-ממנוף-משאית/,,0,7,0%,28.57
https://www.ronkinlaw.co.il/עורך-דין-ביטוח/דיני-ביטוח/ביטוח-דירה-התקנת-אמצעי-מיגון/,,0,7,0%,35.71
https://www.ronkinlaw.co.il/עורך-דין-ביטוח/חוקים-ותקנות-בביטוח/פקודת-ביטוח-רכב-מנועי/,,0,7,0%,48.14
https://www.ronkinlaw.co.il/רשלנות-רפואית-של-מרכז-לרפואה-דחופה/,,0,7,0%,51.43
https://www.ronkinlaw.co.il/6-המלצות-מקצועיות-לקבלת-פיצוי-מרבי-לאחר/,,0,7,0%,67.14
https://www.ronkinlaw.co.il/עורך-דין-תאונות-דרכים/נהיגה-ללא-רשיון-וזכויות-ידועה-בציבור/,,0,6,0%,27.67
https://www.ronkinlaw.co.il/דיני-ביטוח/,,0,6,0%,30
https://www.ronkinlaw.co.il/עורך-דין-ביטוח/עורך-דין-תביעות-ביטוח-רכב/תביעות-ביטוח-רכב/אחריות-מעביד-ביטוח-רכב/,,0,6,0%,40.5
https://www.ronkinlaw.co.il/עורך-דין-מומלץ-לאובדן-כושר-עבודה/,,0,6,0%,63.83
https://www.ronkinlaw.co.il/הוראות-בדבר-טפסי-קבלה-ושחרור/,,0,6,0%,68.83
https://www.ronkinlaw.co.il/עורך-דין-ביטוח/תביעה-ביטוח-חיים/התיישנות-ביטוח-משכנתא/,,0,5,0%,12.4
https://www.ronkinlaw.co.il/category/כללי/,,0,5,0%,27
https://www.ronkinlaw.co.il/חריג-אי-שפיות-בפוליסת-סיעוד/,,0,5,0%,38
https://www.ronkinlaw.co.il/נהיגה-ללא-רשיון-וזכויות-ידועה-בציבור/,,0,5,0%,57.6
https://www.ronkinlaw.co.il/category/insurance-lawyer/,,0,5,0%,70.2
https://www.ronkinlaw.co.il/צורת-הפוליסה-ותנאיה/,,0,4,0%,16
https://www.ronkinlaw.co.il/עורך-דין-ביטוח/דיני-ביטוח/,,0,4,0%,26.75
https://www.ronkinlaw.co.il/עורך-דין-ביטוח/ביטוח-תלמידים/עורך-דין-ביטוח-תלמידים/חוות-דעת-מומחה-בביטוח-תלמידים/,,0,4,0%,41.75
https://www.ronkinlaw.co.il/category/ביטוח-אחריות/,,0,4,0%,46.5
https://www.ronkinlaw.co.il/category/דיני-ביטוח/חקיקה-בביטוח/,,0,4,0%,57
https://www.ronkinlaw.co.il/טיפול-בתביעות-צד-ג/,,0,4,0%,64.75
https://www.ronkinlaw.co.il/עורך-דין-ביטוח-לאומי/תאונת-עבודה-ביטוח-לאומי/עובדת-מעדנייה/,,0,3,0%,15.33
https://www.ronkinlaw.co.il/category/ביטוח-תאונות-ומחלות/,,0,3,0%,19.67
https://www.ronkinlaw.co.il/category/lawsuit-against-karnit/,,0,3,0%,26
https://www.ronkinlaw.co.il/עורך-דין-ביטוח/ביטוח-אחריות/ביטוח-רשלנות-רפואית/,,0,3,0%,89.67
https://www.ronkinlaw.co.il/category/חוזרים-והכרעות/page/2/,,0,2,0%,4.5
https://www.ronkinlaw.co.il/תקנות-הפיקוח-על-עסקי-ביטוח-צורת-הפוליס/,,0,2,0%,12
https://www.ronkinlaw.co.il/עורך-דין-ביטוח/עורך-דין-תביעות-ביטוח-סיעודי/ביטוח-סיעודי/הגשת-תביעה-עי-בן-משפחה/,,0,2,0%,17.5
https://www.ronkinlaw.co.il/category/דיני-ביטוח/סוכן-הביטוח/,,0,2,0%,17.5
https://www.ronkinlaw.co.il/טיפים-לתביעת-ביטוח/,,0,2,0%,20.5
https://www.ronkinlaw.co.il/category/דיני-ביטוח/ביטוח-חיים/,,0,2,0%,53
https://www.ronkinlaw.co.il/category/סוכן-הביטוח/,,0,2,0%,57
https://www.ronkinlaw.co.il/עורך-דין-דיני-עבודה/דמי-חופשה/,,0,2,0%,66.5
https://www.ronkinlaw.co.il/עורך-דין-תאונות-דרכים/סתירת-הנכות-שנקבעה-על-ידי-המוסד-לביטוח/קביעת-נכות-בתאונת-דרכים-בעבודה/,,0,2,0%,66.5
https://www.ronkinlaw.co.il/category/disability-lawyer/,,0,2,0%,69.5
https://www.ronkinlaw.co.il/עורך-דין-ביטוח/ביטוח-תאונות-אישיות/תביעת-ביטוח-תאונות-אישיות/,,0,2,0%,75.5
https://www.ronkinlaw.co.il/lpageinsurance/,,0,1,0%,3
https://www.ronkinlaw.co.il/category/car-insurance-lawyer/,,0,1,0%,6
https://www.ronkinlaw.co.il/עורך-דין-ביטוח/דיני-ביטוח/ביטוח-רכוש/,,0,1,0%,10
https://www.ronkinlaw.co.il/עורך-דין-ביטוח/טיפים-לתביעת-ביטוח/,,0,1,0%,17
https://www.ronkinlaw.co.il/תביעה-נגד-עורך-דין/רשלנות-בייצוג-של-בן-משפחה/,,0,1,0%,20
https://www.ronkinlaw.co.il/דף-נחיתה-ביטוח-סיעודי/,,0,1,0%,36
https://www.ronkinlaw.co.il/עורך-דין-ביטוח/חוקים-ותקנות-בביטוח/צורת-הפוליסה-ותנאיה/,,0,1,0%,39
https://www.ronkinlaw.co.il/עורך-דין-ביטוח/תביעה-ביטוח-חיים/ביטול-ביטוח-חיים-עי-בן-זוג/,,0,1,0%,70
https://www.ronkinlaw.co.il/category/medical-malpractice-attorney/,,0,1,0%,92
https://www.ronkinlaw.co.il/תביעה-נגד-עורך-דין/רשלנות-עורך-דין/רשלנות-בעריכת-צוואה/,,0,1,0%,95
https://www.ronkinlaw.co.il/category/social-security-lawyer/,,0,1,0%,99