URL,Topics,Visits,Impressions,CTR,Ranking,Content,Keywords,Tags
https://www.ronkinlaw.co.il/6-המלצות-מקצועיות-לקבלת-פיצוי-מרבי-לאחר/,,0,7,0%,67.14,"
 
 
 
 
 
 6 המלצות מקצועיות לקבלת פיצוי מרבי לאחר תאונת דרכים 
 
 
 
 
 
 
 
 
 
 
 
 
 
 
 
 
 
 
 
 
 
 
 
 
 
 
 
 
 
 
 
 
 
 
 
 
 
 
 
 
 
 
 
 
 
 
 
 
 
 
 
 
 
 
 
 
 
 
 
 
 
 
 
 
 
 
 
 
 
 
 
 
 
 
 
 
 
 
 
 
 
   
 
 
 
 
 
 
 
 דלג לתוכן 
 
 
 
 
 
 
 
 
 
 
 
 
   
 
 
 
 
 
 
 
 
 
 אודות 
 
 מהתקשורת 
 
 
 תחומי התמחות 
 
 עורך דין ביטוח 
 עורך דין תאונות דרכים 
 תביעה נגד עורך דין 
 עורך דין אובדן כושר עבודה 
 עורך דין תאונות עבודה 
 עורך דין נזיקין 
 עורך דין רשלנות רפואית 
 עורך דין ביטוח לאומי 
 עורך דין דיני עבודה 
 
 
 הצלחות המשרד 
 
 הצלחות בולטות 
 פסקי דין 
 
 
 מאמרים 
 
 דיני ביטוח 
 תאונות דרכים 
 תביעות עורכי דין 
 נזיקין 
 רשלנות רפואית 
 תאונות עבודה 
 אובדן כושר עבודה 
 ביטוח לאומי 
 כללי 
 
 
 צרו קשר 
   
 
   תפריט 
 
 
 אודות 
 
 מהתקשורת 
 
 
 תחומי התמחות 
 
 עורך דין ביטוח 
 עורך דין תאונות דרכים 
 תביעה נגד עורך דין 
 עורך דין אובדן כושר עבודה 
 עורך דין תאונות עבודה 
 עורך דין נזיקין 
 עורך דין רשלנות רפואית 
 עורך דין ביטוח לאומי 
 עורך דין דיני עבודה 
 
 
 הצלחות המשרד 
 
 הצלחות בולטות 
 פסקי דין 
 
 
 מאמרים 
 
 דיני ביטוח 
 תאונות דרכים 
 תביעות עורכי דין 
 נזיקין 
 רשלנות רפואית 
 תאונות עבודה 
 אובדן כושר עבודה 
 ביטוח לאומי 
 כללי 
 
 
 צרו קשר 
   
 
 
 
 
 
 
 
 
 
 
 
   חיפוש 
 
 
 חיפוש 
 
 
   סגור את תיבת החיפוש 
 
 
 
 
 
 
 
 
 
 
 
 
 
 
 
   
 
 
 
 
							לייעוץ ראשוני  חייגו עכשיו						 
 
 
						03-6952017					 
 
 
 
 
 
 
 
 
 
 
 
 
 
 
 
 
 
   
 
 
 
 
 
 
 
 אודות 
 
 מהתקשורת 
 
 
 תחומי התמחות 
 
 עורך דין ביטוח 
 עורך דין תאונות דרכים 
 תביעה נגד עורך דין 
 עורך דין אובדן כושר עבודה 
 עורך דין תאונות עבודה 
 עורך דין נזיקין 
 עורך דין רשלנות רפואית 
 עורך דין ביטוח לאומי 
 עורך דין דיני עבודה 
 
 
 הצלחות המשרד 
 
 הצלחות בולטות 
 פסקי דין 
 
 
 מאמרים 
 
 דיני ביטוח 
 תאונות דרכים 
 תביעות עורכי דין 
 נזיקין 
 רשלנות רפואית 
 תאונות עבודה 
 אובדן כושר עבודה 
 ביטוח לאומי 
 כללי 
 
 
 צרו קשר 
   
 
   תפריט 
 
 
 אודות 
 
 מהתקשורת 
 
 
 תחומי התמחות 
 
 עורך דין ביטוח 
 עורך דין תאונות דרכים 
 תביעה נגד עורך דין 
 עורך דין אובדן כושר עבודה 
 עורך דין תאונות עבודה 
 עורך דין נזיקין 
 עורך דין רשלנות רפואית 
 עורך דין ביטוח לאומי 
 עורך דין דיני עבודה 
 
 
 הצלחות המשרד 
 
 הצלחות בולטות 
 פסקי דין 
 
 
 מאמרים 
 
 דיני ביטוח 
 תאונות דרכים 
 תביעות עורכי דין 
 נזיקין 
 רשלנות רפואית 
 תאונות עבודה 
 אובדן כושר עבודה 
 ביטוח לאומי 
 כללי 
 
 
 צרו קשר 
   
 
 
 
 
 
 
 
 
 
 Facebook 
   
 
 
 
 Linkedin 
   
 
 
 
 
 
 
 
 
 
   חיפוש 
 
 
 חיפוש 
 
 
   סגור את תיבת החיפוש 
 
 
 
 
 
 
 
 
 
 
 
 
 
   
 
 
 
 
							לייעוץ ראשוני  חייגו עכשיו						 
 
 
						036952017					 
 
 
 
 
 
 
 
 
 
 
 
 
 
 
 
 
 
 אודות 
 
 מהתקשורת 
 
 
 תחומי התמחות 
 
 עורך דין ביטוח 
 עורך דין תאונות דרכים 
 תביעה נגד עורך דין 
 עורך דין אובדן כושר עבודה 
 עורך דין תאונות עבודה 
 עורך דין נזיקין 
 עורך דין רשלנות רפואית 
 עורך דין ביטוח לאומי 
 עורך דין דיני עבודה 
 
 
 הצלחות המשרד 
 
 הצלחות בולטות 
 פסקי דין 
 
 
 מאמרים 
 
 דיני ביטוח 
 תאונות דרכים 
 תביעות עורכי דין 
 נזיקין 
 רשלנות רפואית 
 תאונות עבודה 
 אובדן כושר עבודה 
 ביטוח לאומי 
 כללי 
 
 
 צרו קשר 
   
 
   תפריט 
 
 
 אודות 
 
 מהתקשורת 
 
 
 תחומי התמחות 
 
 עורך דין ביטוח 
 עורך דין תאונות דרכים 
 תביעה נגד עורך דין 
 עורך דין אובדן כושר עבודה 
 עורך דין תאונות עבודה 
 עורך דין נזיקין 
 עורך דין רשלנות רפואית 
 עורך דין ביטוח לאומי 
 עורך דין דיני עבודה 
 
 
 הצלחות המשרד 
 
 הצלחות בולטות 
 פסקי דין 
 
 
 מאמרים 
 
 דיני ביטוח 
 תאונות דרכים 
 תביעות עורכי דין 
 נזיקין 
 רשלנות רפואית 
 תאונות עבודה 
 אובדן כושר עבודה 
 ביטוח לאומי 
 כללי 
 
 
 צרו קשר 
   
 
 
 
 
 
 
 
 
 
 
 
   חיפוש 
 
 
 חיפוש 
 
 
   סגור את תיבת החיפוש 
 
 
 
 
 
 
 
 
 
 
 
 
 
 
 
   
 
 
 
 
							לייעוץ ראשוני חייגו						 
 
 
						036952017					 
 
 
 
 
 
 
 
 
 
 
 
   
 
 
 
 
 
 
 
 
 
 
 
 
 
 
 
 
 צלצלו עכשיו: 03-6952017    
 
 
 
 
 
 
 
 
 
 
 
 
 
 
 דף הבית  »  תאונות דרכים  »  6 המלצות מקצועיות לקבלת פיצוי מרבי לאחר תאונת דרכים 
 
 
 
 
 6 המלצות מקצועיות לקבלת פיצוי מרבי לאחר תאונת דרכים   
 
 
 
 
 
 
 
 
 
 
 
 
 לייעוץ ראשוני  ללא התחייבות    
 
 
 
 
 
 
 
 
 
 
 
 
 
 
 
								שם							 
 
 
 
 
								טלפון							 
 
 
 
 
 
 שליחה 
 
 
 
 
 
 
 
 
 
 
 
 
 
 
 
 
 
 
 
 
 
 
 
 
 
 
 
 
 
 
 
 תאונות דרכים הן אירועים טראומטיים שעלולים להשפיע על חיי הנפגעים לטווח ארוך. בישראל, חוק הפיצויים לנפגעי תאונות דרכים מעניק זכויות לנפגעים, אך מימוש זכויות אלו דורש ידע וניסיון. להלן 6 המלצות מקצועיות לקבלת פיצוי מרבי לאחר תאונת דרכים. 1. תיעוד מקיף של האירוע והנזקים חשוב לתעד את זירת התאונה באופן מיידי. צלמו תמונות של הרכבים המעורבים. רשמו את פרטי הנהג המעורב, פרטי הביטוח שלו וצלמו את רישיון הנהיגה שלו. אספו פרטי קשר של עדים ושמרו את כל המסמכים הרפואיים. אספו ושמרו את כל הקבלות עבור ההוצאות שהוצאתם עקב התאונה. למשל נסיעה במוניות, רכישת תרופות ואביזרים רפואיים. תיעוד מדויק יסייע בהוכחת נסיבות התאונה ומידת הנזק שנגרם. 2. פנייה מיידית לטיפול רפואי קבלת טיפול רפואי מיידי חיונית לא רק לבריאותכם, אלא גם לתביעת הפיצויים. הרשומות הרפואיות מהוות ראיה חשובה להיקף הפגיעה ולקשר הסיבתי בין התאונה לנזקים שנגרמו. מהסיבה הזאת הקפידו לציין בפני הצוות הרפואי את כל הפגיעות שנגרמו לכם בתאונה. אם הצוות הרפואי ממליץ בצעו צילומי רנטגן, סי טי או MRI.  אם לאחר תקופת ההתאוששות אתם עדיין סובלים מכאבים או מהגבלה בתנועה התעקשו שהרופאים יבצעו בדיקות מקיפות להבין את הגורמים לכך. 3. התייעצות עם עורך דין מומחה לתאונות דרכים מומלץ להתייעץ עם  עורך דין המתמחה בתאונות דרכים  בהקדם האפשרי. עורך דין מנוסה בייצוג נפגעי תאונות דרכים יוכל להעריך את סיכויי התביעה, לייעץ לגבי הצעדים הנכונים, ולייצג אתכם מול חברות הביטוח ובתי המשפט. בדקו שלעורך הדין ניסיון רב בייצוג נפגעי תאונות דרכים. הקפידו שעורך הדין לא מזניח את הטיפול בתביעתכם. בכל מה שקשור לתאונות דרכים חשוב להגיש את התביעה בזמן.    
 
 
 
 
 
 
 
   
 
 
 
 
 
 
 
 4. הימנעות ממתן הצהרות פזיזות היזהרו ממתן הצהרות לחברת הביטוח או לצד השני ללא ייעוץ משפטי. הצהרות אלו עלולות לפגוע בסיכויי התביעה שלכם. הפנו כל פנייה לעורך הדין המייצג אתכם. לעיתים חברת הביטוח תשלח חוקר פרטי לבדוק את תביעתכם. החוקר ינסה לצלם אתכם מבצעים פעולות מאומצות כגון ביצוע קניות, סחיבת מצרכים וכיוצ""ב. יתכן שהוא אף ינסה לשוחח אתכם. הפנו אותו לעורך הדין שלכם. 5. שמירה על מעקב רפואי ותיעוד ההשלכות ארוכות הטווח המשיכו במעקב רפואי ותעדו את כל ההוצאות הרפואיות, אובדן ימי עבודה, וההשפעות ארוכות הטווח של התאונה על חייכם. מידע זה חיוני לחישוב הפיצוי המלא המגיע לכם. אם לאחר התאונה אתם מרגישים כאבים באיברים חדשים פנו מייד לרופא והפקידו לקשר זאת לתאונה. כך גם בתחום הנפשי. אם אתם חשים פחד או חרדה פנו לרופא וציינו זאת. אם אתם מחסירים ימי עבודה עקב התאונה הקפידו להוציא ימי מחלה מהרופא. מומלץ לקרוא ולהבין  כיצד מחושב הפיצוי בתאונות דרכים  בכדי לדעת איך לקבל את הפיצוי המקסימאלי. מיצוי זכויות במקרה של תאונת עבודה 6. אם תאונת הדרכים הינה גם תאונת עבודה עליכם למצות את הזכויות שלכם גם בביטוח לאומי. אם לא תפנו בתביעה לביטוח לאומי בית המשפט יקזז מהפיצוי את הסכום שהייתם אמורים לקבל מביטוח לאומי. גם את התביעה לביטוח לאומי מומלץ לבצע עם עורך. הסיבה לכך הינה שהנכות שתיקבע לכם בביטוח לאומי עשויה להשפיע על גובה הפיצוי שתקבלו. סיכום קבלת פיצוי הולם לאחר תאונת דרכים דורשת פעולה מהירה, תיעוד מדויק, וייצוג משפטי מקצועי. יישום ההמלצות הללו יגדיל את סיכוייכם לקבל את הפיצוי המרבי המגיע לכם על פי חוק. זכרו, זכותכם לקבל פיצוי על הנזקים שנגרמו לכם, ועורך דין מנוסה יכול לסייע לכם לממש זכות זו באופן המיטבי. לקבלת ייעוץ ראשוני והקבלת הערכה לסיכויי התביעה צרו קשר עמנו בטלפון 03-6952017, או השאירו פרטים בטופס ונחזור אליכם:   
 
 
 
 
 
 
 
 
 
 
 
 
 
 
 
 
 
 
 
 
 
 
 
   
 
 
 
 שליחה 
 
 
 
 
 
 
 
 
 
 
 
 
 
 
 
 
 
 
   
 
 
 
   
 
 
 
 
 
   
 
 
 
 
 
 מתמחה בתביעות ביטוח, ניסיון רב בתביעות נזקי גוף, תאונות עבודה, תביעות נזיקין, מתמחה בתחום דיני עבודה ובתביעות נגד עורכי דין    
 
 
 
 
 
 
 
 
 אשמח לעמוד לשרותכם בכל נושא   
 
 
 
 לייעוץ ראשוני ללא התחייבות     
 
 
 
 
 
 
 
 
 
 
 
								שם							 
 
 
 
 
								טלפון							 
 
 
 
 
 
 שליחה 
 
 
 
 
 
 
 
 
 
 
 
 
 
 
 
 
 
 
 
 
 
 המלצות של לקוחות על  עו""ד יואב רונקין   
 
 
 
 eliko biton 06:33 25 Jun 23 יואב נתן לי את השירות הכי טוב שיכולתי לבקש .היה מהרגע הראשון ועד האחרון ליווה אותי כל …   הדרך עזר לי ותמך בי בכל מה שהייתי צריךהתיק שלי לא היה פשוט וזה לאחר 13 שנים מהמקרה ובכל זאת בזכותו ניצחתי בתביעה . קראו עוד ג'ולי סעדיה 10:26 20 Apr 23 אין על עו""ד יואב, לקח את הטיפול ברצינות, הסביר לנו בדיוק את ההליך והוציא לנו סכום גדול Talia Ronkin 11:10 03 Sep 22 Eran Amir 14:42 04 Aug 21 עו״ד רונקין ייצג אותי במסירות ובהצלחה. תודה רבה על כל ההשקעה. Moti Zaets 11:18 04 Aug 21 יואב איש מקצועי דאג לי ולמשפחתי ממליץ בחום מכיר אותו שנים איתי טלבי 19:16 01 Aug 21 בכל מה שקשור לתביעות ביטוח אני ממליץ רק על עו""ד יואב רונקין. אני סומך עליו בעיניים עצומות. עמית שכטר 16:10 29 Jul 21 עורך דין מעולה.ליווה אותי בתביעה שארכה מעל לשנה ובסופה השיג לי סכום גדול של כסף.ממליץ …   מאד, תמיד עוזר ותמיד פנוי. קראו עוד Nir Markowitz 12:35 28 Jul 21 אנו עובדים עם עורך דין יואב רונקין, מזה מספר שנים, בליווי תביעות מבוטחים. משרד מוביל …   בדיני ביטוח, מעבר למקצוענות ניתן שירות מעולה ללקוחות, ממליץ בחום. קראו עוד אברהם וקנין 22:19 12 Feb 19 עורך דין יואב רונקין. אני ממליץ בחום. לפחות. להתיעץ עם עורך דין יואב רונקין.אני בטוח …   שתתרשמו לטובה קראו עוד   
 
 
 
 כתבות נוספות בנושא   
 
 
 
 
 
 
 
 
 
 
 
				הפיצוי לנפגע עם נכות נמוכה			 
 
 
 בפסק דין שניתן לאחרונה בבית משפט השלום בבת ים, 
 
 
 
 
 
 
 
 
 
 
				תאונת אופנוע מוטוקרוס			 
 
 
 בפסק דין שניתן לאחרונה בבית משפט השלום בנוף הגליל-נצרת, 
 
 
 
 
 
 
 
 
 
 
				עורך דין תאונות דרכים ברמת גן			 
 
 
 אם אתם מחפשים עורך דין לתאונות דרכים ברמת גן 
 
 
 
 
 
 
 
 
 
 
				תאונה להולך רגל עם מספר כלי רכב			 
 
 
 כאשר מתרחשת תאונת דרכים להולך רגל שבה מעורבים מספר 
 
 
 
 
 
 
 
 
 
 
				קביעת נכות בתאונת דרכים בעבודה			 
 
 
 שיעור הנכות במקרה של תאונת דרכים שהוכרה כתאונת עבודה 
 
 
 
 
 
 
 
 
 
 
				תביעה נגד הפול			 
 
 
 רוכבי אופנועים וקטנועים רבים מבוטחים בפול. במאמר זה נסביר 
 
 
 
 
 
 
 
 
 
 
				תאונה ברכב חונה			 
 
 
 נפגע בתאונת דרכים זכאי לפיצוי מביטוח החובה שביטח את 
 
 
 
 
 
 
 
 
 
 
				שבר בקרסול			 
 
 
 שבר בקרסול יכול לגרום לנכות תפקודית גבוהה. במאמר זה 
 
 
 
 
 
 
 
 
 
 
				כמה מקבלים על שבר ?			 
 
 
 כמה מקבלים על שבר ביד או שבר ברגל היא 
 
 
 
 
 
 
 
 
 
 
				כמה זמן לוקח תביעת תאונת דרכים			 
 
 
 כמה זמן לוקח לקבל פיצוי בתביעת תאונת דרכים ? 
 
 
 
 
 
   
 
 
 
 
 קראו עוד 
 
 
 
 
 
 
 
 
 שתפו אותנו   
 
 
 
 
 
 
 
   
 
 
 
 
 
   
 
 
 
 
 
   
 
 
 
 
 
   
 
 
 
 
 
   
 
 
 
 
 
 
 
 
 
 
 
 
 
 
 
 
 
 
 
 
 
 
 
   
 
 
 
 
 03-6952017   
 
 
 
 
 
 
 
 
   
 
 
 
 
 yoav@ronkinlaw.co.il   
 
 
 
 
 
 
 
   
 
 
 
 03-5288812   
 
 
 
 
 
 
 
 
   
 
 
 
 
 רח' תובל 40 (מגדל ספיר), קומה 6, רמת גן 5252247   
 
 
 
 
 
 
 
 
 
 
 
 מפת אתר   
 
 
 
 
 ראשי 
 אודות 
 פסקי דין 
 חיפוש באתר 
 מידע מקצועי 
 צרו קשר 
   
 
 ראשי 
 אודות 
 פסקי דין 
 חיפוש באתר 
 מידע מקצועי 
 צרו קשר 
   
 
 
 
 
 
 
 
 
 שירותי המשרד   
 
 
 
 
 עורך דין ביטוח 
 עורך דין תאונות דרכים 
 תביעה נגד עורך דין 
 עורך דין תאונות עבודה 
 עורך דין רשלנות רפואית 
 עורך דין נזיקין 
 עורך דין ביטוח לאומי 
 עורך דין דיני עבודה 
 זכויות נשים בהריון 
   
 
 עורך דין ביטוח 
 עורך דין תאונות דרכים 
 תביעה נגד עורך דין 
 עורך דין תאונות עבודה 
 עורך דין רשלנות רפואית 
 עורך דין נזיקין 
 עורך דין ביטוח לאומי 
 עורך דין דיני עבודה 
 זכויות נשים בהריון 
   
 
 
 
 
 
 
 
 
 לייעוץ ראשוני   ללא התחייבות  השאירו פרטים   
 
 
 
 
 
 
 
 
 
 
 
								שם							 
 
 
 
 
								טלפון							 
 
 
 
 
								הודעה							 
   
 
 
 
 שליחה 
 
 
 
 
 
 
 
 
 
 
 
 
 Facebook 
   
 
 
 
 Linkedin 
   
 
 
 
 Youtube 
   
 
 
 
 Twitter 
   
 
 
 
 
 
 
 
 
 
 
 
 
 
 
 
 
 
 
 
 כל הזכויות שמורות לעורך דין יואב רונקין © אין באמור באתר זה משום מתן ייעוץ משפטי   
 
 
 
 
 
 
 
 הצהרת נגישות   
 
 
 
 
 
 
 
 
 
 
 
 
   
 
 
 
 
 צור קשר   
 
 
 
 
 
 
 
 
   
 
 
 
 
 חייגו   
 
 
 
 
 
 
 
 
   
 
 
 
 
 ניווט למשרד   
 
 
 
 
 
 
 
 
 
 
 
 ייעוץ ראשוני ללא התחייבות  - צלצלו עכשיו:  03-6952017   
 
 
 
 
 
 
 
 
 
 
 
 
 
 
 
 
 
 
 
 
 
 
 
 
 
 
 
 
 
 
 
 דילוג לתוכן 
 
 
 
 פתח סרגל נגישות 
 
 Accessibility Tools 
   
 
 
 
 
 Accessibility Tools 
 
 
 
 Increase Text Increase Text   
 
 
 
 Decrease Text Decrease Text   
 
 
 
 Grayscale Grayscale   
 
 
 
 High Contrast High Contrast   
 
 
 
 Negative Contrast Negative Contrast   
 
 
 
 Light Background Light Background   
 
 
 
 Links Underline Links Underline   
 
 
 
 Readable Font Readable Font   
 
 
 
 איפוס 
 איפוס 
 
 
 
 
 
 
 הצהרת נגישות הצהרת נגישות   
 
 
 
 
 
 
 
 
","['6', 'המלצות', 'מקצועיות', 'לקבלת', 'פיצוי', 'מרבי', 'לאחר', 'תאונת', 'דרכים', 'דלג', 'לתוכן', 'אודות', 'מהתקשורת', 'תחומי', 'התמחות', 'עורך', 'דין', 'ביטוח', 'עורך', 'דין', 'תאונות', 'דרכים', 'תביעה', 'נגד', 'עורך', 'דין', 'עורך', 'דין', 'אובדן', 'כושר', 'עבודה', 'עורך', 'דין', 'תאונות', 'עבודה', 'עורך', 'דין', 'נזיקין', 'עורך', 'דין', 'רשלנות', 'רפואית', 'עורך', 'דין', 'ביטוח', 'לאומי', 'עורך', 'דין', 'דיני', 'עבודה', 'הצלחות', 'המשרד', 'הצלחות', 'בולטות', 'פסקי', 'דין', 'מאמרים', 'דיני', 'ביטוח', 'תאונות', 'דרכים', 'תביעות', 'עורכי', 'דין', 'נזיקין', 'רשלנות', 'רפואית', 'תאונות', 'עבודה', 'אובדן', 'כושר', 'עבודה', 'ביטוח', 'לאומי', 'כללי', 'צרו', 'קשר', 'תפריט', 'אודות', 'מהתקשורת', 'תחומי', 'התמחות', 'עורך', 'דין', 'ביטוח', 'עורך', 'דין', 'תאונות', 'דרכים', 'תביעה', 'נגד', 'עורך', 'דין', 'עורך', 'דין', 'אובדן', 'כושר', 'עבודה', 'עורך', 'דין', 'תאונות', 'עבודה', 'עורך', 'דין', 'נזיקין', 'עורך', 'דין', 'רשלנות', 'רפואית', 'עורך', 'דין', 'ביטוח', 'לאומי', 'עורך', 'דין', 'דיני', 'עבודה', 'הצלחות', 'המשרד', 'הצלחות', 'בולטות', 'פסקי', 'דין', 'מאמרים', 'דיני', 'ביטוח', 'תאונות', 'דרכים', 'תביעות', 'עורכי', 'דין', 'נזיקין', 'רשלנות', 'רפואית', 'תאונות', 'עבודה', 'אובדן', 'כושר', 'עבודה', 'ביטוח', 'לאומי', 'כללי', 'צרו', 'קשר', 'חיפוש', 'חיפוש', 'סגור', 'את', 'תיבת', 'החיפוש', 'לייעוץ', 'ראשוני', 'חייגו', 'עכשיו', 'אודות', 'מהתקשורת', 'תחומי', 'התמחות', 'עורך', 'דין', 'ביטוח', 'עורך', 'דין', 'תאונות', 'דרכים', 'תביעה', 'נגד', 'עורך', 'דין', 'עורך', 'דין', 'אובדן', 'כושר', 'עבודה', 'עורך', 'דין', 'תאונות', 'עבודה', 'עורך', 'דין', 'נזיקין', 'עורך', 'דין', 'רשלנות', 'רפואית', 'עורך', 'דין', 'ביטוח', 'לאומי', 'עורך', 'דין', 'דיני', 'עבודה', 'הצלחות', 'המשרד', 'הצלחות', 'בולטות', 'פסקי', 'דין', 'מאמרים', 'דיני', 'ביטוח', 'תאונות', 'דרכים', 'תביעות', 'עורכי', 'דין', 'נזיקין', 'רשלנות', 'רפואית', 'תאונות', 'עבודה', 'אובדן', 'כושר', 'עבודה', 'ביטוח', 'לאומי', 'כללי', 'צרו', 'קשר', 'תפריט', 'אודות', 'מהתקשורת', 'תחומי', 'התמחות', 'עורך', 'דין', 'ביטוח', 'עורך', 'דין', 'תאונות', 'דרכים', 'תביעה', 'נגד', 'עורך', 'דין', 'עורך', 'דין', 'אובדן', 'כושר', 'עבודה', 'עורך', 'דין', 'תאונות', 'עבודה', 'עורך', 'דין', 'נזיקין', 'עורך', 'דין', 'רשלנות', 'רפואית', 'עורך', 'דין', 'ביטוח', 'לאומי', 'עורך', 'דין', 'דיני', 'עבודה', 'הצלחות', 'המשרד', 'הצלחות', 'בולטות', 'פסקי', 'דין', 'מאמרים', 'דיני', 'ביטוח', 'תאונות', 'דרכים', 'תביעות', 'עורכי', 'דין', 'נזיקין', 'רשלנות', 'רפואית', 'תאונות', 'עבודה', 'אובדן', 'כושר', 'עבודה', 'ביטוח', 'לאומי', 'כללי', 'צרו', 'קשר', 'facebook', 'linkedin', 'חיפוש', 'חיפוש', 'סגור', 'את', 'תיבת', 'החיפוש', 'לייעוץ', 'ראשוני', 'חייגו', 'עכשיו', '036952017', 'אודות', 'מהתקשורת', 'תחומי', 'התמחות', 'עורך', 'דין', 'ביטוח', 'עורך', 'דין', 'תאונות', 'דרכים', 'תביעה', 'נגד', 'עורך', 'דין', 'עורך', 'דין', 'אובדן', 'כושר', 'עבודה', 'עורך', 'דין', 'תאונות', 'עבודה', 'עורך', 'דין', 'נזיקין', 'עורך', 'דין', 'רשלנות', 'רפואית', 'עורך', 'דין', 'ביטוח', 'לאומי', 'עורך', 'דין', 'דיני', 'עבודה', 'הצלחות', 'המשרד', 'הצלחות', 'בולטות', 'פסקי', 'דין', 'מאמרים', 'דיני', 'ביטוח', 'תאונות', 'דרכים', 'תביעות', 'עורכי', 'דין', 'נזיקין', 'רשלנות', 'רפואית', 'תאונות', 'עבודה', 'אובדן', 'כושר', 'עבודה', 'ביטוח', 'לאומי', 'כללי', 'צרו', 'קשר', 'תפריט', 'אודות', 'מהתקשורת', 'תחומי', 'התמחות', 'עורך', 'דין', 'ביטוח', 'עורך', 'דין', 'תאונות', 'דרכים', 'תביעה', 'נגד', 'עורך', 'דין', 'עורך', 'דין', 'אובדן', 'כושר', 'עבודה', 'עורך', 'דין', 'תאונות', 'עבודה', 'עורך', 'דין', 'נזיקין', 'עורך', 'דין', 'רשלנות', 'רפואית', 'עורך', 'דין', 'ביטוח', 'לאומי', 'עורך', 'דין', 'דיני', 'עבודה', 'הצלחות', 'המשרד', 'הצלחות', 'בולטות', 'פסקי', 'דין', 'מאמרים', 'דיני', 'ביטוח', 'תאונות', 'דרכים', 'תביעות', 'עורכי', 'דין', 'נזיקין', 'רשלנות', 'רפואית', 'תאונות', 'עבודה', 'אובדן', 'כושר', 'עבודה', 'ביטוח', 'לאומי', 'כללי', 'צרו', 'קשר', 'חיפוש', 'חיפוש', 'סגור', 'את', 'תיבת', 'החיפוש', 'לייעוץ', 'ראשוני', 'חייגו', '036952017', 'צלצלו', 'עכשיו', 'דף', 'הבית', 'תאונות', 'דרכים', '6', 'המלצות', 'מקצועיות', 'לקבלת', 'פיצוי', 'מרבי', 'לאחר', 'תאונת', 'דרכים', '6', 'המלצות', 'מקצועיות', 'לקבלת', 'פיצוי', 'מרבי', 'לאחר', 'תאונת', 'דרכים', 'לייעוץ', 'ראשוני', 'ללא', 'התחייבות', 'שם', 'טלפון', 'שליחה', 'תאונות', 'דרכים', 'הן', 'אירועים', 'טראומטיים', 'שעלולים', 'להשפיע', 'על', 'חיי', 'הנפגעים', 'לטווח', 'ארוך', 'בישראל', 'חוק', 'הפיצויים', 'לנפגעי', 'תאונות', 'דרכים', 'מעניק', 'זכויות', 'לנפגעים', 'אך', 'מימוש', 'זכויות', 'אלו', 'דורש', 'ידע', 'וניסיון', 'להלן', '6', 'המלצות', 'מקצועיות', 'לקבלת', 'פיצוי', 'מרבי', 'לאחר', 'תאונת', 'דרכים', '1', 'תיעוד', 'מקיף', 'של', 'האירוע', 'והנזקים', 'חשוב', 'לתעד', 'את', 'זירת', 'התאונה', 'באופן', 'מיידי', 'צלמו', 'תמונות', 'של', 'הרכבים', 'המעורבים', 'רשמו', 'את', 'פרטי', 'הנהג', 'המעורב', 'פרטי', 'הביטוח', 'שלו', 'וצלמו', 'את', 'רישיון', 'הנהיגה', 'שלו', 'אספו', 'פרטי', 'קשר', 'של', 'עדים', 'ושמרו', 'את', 'כל', 'המסמכים', 'הרפואיים', 'אספו', 'ושמרו', 'את', 'כל', 'הקבלות', 'עבור', 'ההוצאות', 'שהוצאתם', 'עקב', 'התאונה', 'למשל', 'נסיעה', 'במוניות', 'רכישת', 'תרופות', 'ואביזרים', 'רפואיים', 'תיעוד', 'מדויק', 'יסייע', 'בהוכחת', 'נסיבות', 'התאונה', 'ומידת', 'הנזק', 'שנגרם', '2', 'פנייה', 'מיידית', 'לטיפול', 'רפואי', 'קבלת', 'טיפול', 'רפואי', 'מיידי', 'חיונית', 'לא', 'רק', 'לבריאותכם', 'אלא', 'גם', 'לתביעת', 'הפיצויים', 'הרשומות', 'הרפואיות', 'מהוות', 'ראיה', 'חשובה', 'להיקף', 'הפגיעה', 'ולקשר', 'הסיבתי', 'בין', 'התאונה', 'לנזקים', 'שנגרמו', 'מהסיבה', 'הזאת', 'הקפידו', 'לציין', 'בפני', 'הצוות', 'הרפואי', 'את', 'כל', 'הפגיעות', 'שנגרמו', 'לכם', 'בתאונה', 'אם', 'הצוות', 'הרפואי', 'ממליץ', 'בצעו', 'צילומי', 'רנטגן', 'סי', 'טי', 'או', 'mri', 'אם', 'לאחר', 'תקופת', 'ההתאוששות', 'אתם', 'עדיין', 'סובלים', 'מכאבים', 'או', 'מהגבלה', 'בתנועה', 'התעקשו', 'שהרופאים', 'יבצעו', 'בדיקות', 'מקיפות', 'להבין', 'את', 'הגורמים', 'לכך', '3', 'התייעצות', 'עם', 'עורך', 'דין', 'מומחה', 'לתאונות', 'דרכים', 'מומלץ', 'להתייעץ', 'עם', 'עורך', 'דין', 'המתמחה', 'בתאונות', 'דרכים', 'בהקדם', 'האפשרי', 'עורך', 'דין', 'מנוסה', 'בייצוג', 'נפגעי', 'תאונות', 'דרכים', 'יוכל', 'להעריך', 'את', 'סיכויי', 'התביעה', 'לייעץ', 'לגבי', 'הצעדים', 'הנכונים', 'ולייצג', 'אתכם', 'מול', 'חברות', 'הביטוח', 'ובתי', 'המשפט', 'בדקו', 'שלעורך', 'הדין', 'ניסיון', 'רב', 'בייצוג', 'נפגעי', 'תאונות', 'דרכים', 'הקפידו', 'שעורך', 'הדין', 'לא', 'מזניח', 'את', 'הטיפול', 'בתביעתכם', 'בכל', 'מה', 'שקשור', 'לתאונות', 'דרכים', 'חשוב', 'להגיש', 'את', 'התביעה', 'בזמן', '4', 'הימנעות', 'ממתן', 'הצהרות', 'פזיזות', 'היזהרו', 'ממתן', 'הצהרות', 'לחברת', 'הביטוח', 'או', 'לצד', 'השני', 'ללא', 'ייעוץ', 'משפטי', 'הצהרות', 'אלו', 'עלולות', 'לפגוע', 'בסיכויי', 'התביעה', 'שלכם', 'הפנו', 'כל', 'פנייה', 'לעורך', 'הדין', 'המייצג', 'אתכם', 'לעיתים', 'חברת', 'הביטוח', 'תשלח', 'חוקר', 'פרטי', 'לבדוק', 'את', 'תביעתכם', 'החוקר', 'ינסה', 'לצלם', 'אתכם', 'מבצעים', 'פעולות', 'מאומצות', 'כגון', 'ביצוע', 'קניות', 'סחיבת', 'מצרכים', 'וכיוצ', 'ב', 'יתכן', 'שהוא', 'אף', 'ינסה', 'לשוחח', 'אתכם', 'הפנו', 'אותו', 'לעורך', 'הדין', 'שלכם', '5', 'שמירה', 'על', 'מעקב', 'רפואי', 'ותיעוד', 'ההשלכות', 'ארוכות', 'הטווח', 'המשיכו', 'במעקב', 'רפואי', 'ותעדו', 'את', 'כל', 'ההוצאות', 'הרפואיות', 'אובדן', 'ימי', 'עבודה', 'וההשפעות', 'ארוכות', 'הטווח', 'של', 'התאונה', 'על', 'חייכם', 'מידע', 'זה', 'חיוני', 'לחישוב', 'הפיצוי', 'המלא', 'המגיע', 'לכם', 'אם', 'לאחר', 'התאונה', 'אתם', 'מרגישים', 'כאבים', 'באיברים', 'חדשים', 'פנו', 'מייד', 'לרופא', 'והפקידו', 'לקשר', 'זאת', 'לתאונה', 'כך', 'גם', 'בתחום', 'הנפשי', 'אם', 'אתם', 'חשים', 'פחד', 'או', 'חרדה', 'פנו', 'לרופא', 'וציינו', 'זאת', 'אם', 'אתם', 'מחסירים', 'ימי', 'עבודה', 'עקב', 'התאונה', 'הקפידו', 'להוציא', 'ימי', 'מחלה', 'מהרופא', 'מומלץ', 'לקרוא', 'ולהבין', 'כיצד', 'מחושב', 'הפיצוי', 'בתאונות', 'דרכים', 'בכדי', 'לדעת', 'איך', 'לקבל', 'את', 'הפיצוי', 'המקסימאלי', 'מיצוי', 'זכויות', 'במקרה', 'של', 'תאונת', 'עבודה', '6', 'אם', 'תאונת', 'הדרכים', 'הינה', 'גם', 'תאונת', 'עבודה', 'עליכם', 'למצות', 'את', 'הזכויות', 'שלכם', 'גם', 'בביטוח', 'לאומי', 'אם', 'לא', 'תפנו', 'בתביעה', 'לביטוח', 'לאומי', 'בית', 'המשפט', 'יקזז', 'מהפיצוי', 'את', 'הסכום', 'שהייתם', 'אמורים', 'לקבל', 'מביטוח', 'לאומי', 'גם', 'את', 'התביעה', 'לביטוח', 'לאומי', 'מומלץ', 'לבצע', 'עם', 'עורך', 'הסיבה', 'לכך', 'הינה', 'שהנכות', 'שתיקבע', 'לכם', 'בביטוח', 'לאומי', 'עשויה', 'להשפיע', 'על', 'גובה', 'הפיצוי', 'שתקבלו', 'סיכום', 'קבלת', 'פיצוי', 'הולם', 'לאחר', 'תאונת', 'דרכים', 'דורשת', 'פעולה', 'מהירה', 'תיעוד', 'מדויק', 'וייצוג', 'משפטי', 'מקצועי', 'יישום', 'ההמלצות', 'הללו', 'יגדיל', 'את', 'סיכוייכם', 'לקבל', 'את', 'הפיצוי', 'המרבי', 'המגיע', 'לכם', 'על', 'פי', 'חוק', 'זכרו', 'זכותכם', 'לקבל', 'פיצוי', 'על', 'הנזקים', 'שנגרמו', 'לכם', 'ועורך', 'דין', 'מנוסה', 'יכול', 'לסייע', 'לכם', 'לממש', 'זכות', 'זו', 'באופן', 'המיטבי', 'לקבלת', 'ייעוץ', 'ראשוני', 'והקבלת', 'הערכה', 'לסיכויי', 'התביעה', 'צרו', 'קשר', 'עמנו', 'בטלפון', 'או', 'השאירו', 'פרטים', 'בטופס', 'ונחזור', 'אליכם', 'שליחה', 'מתמחה', 'בתביעות', 'ביטוח', 'ניסיון', 'רב', 'בתביעות', 'נזקי', 'גוף', 'תאונות', 'עבודה', 'תביעות', 'נזיקין', 'מתמחה', 'בתחום', 'דיני', 'עבודה', 'ובתביעות', 'נגד', 'עורכי', 'דין', 'אשמח', 'לעמוד', 'לשרותכם', 'בכל', 'נושא', 'לייעוץ', 'ראשוני', 'ללא', 'התחייבות', 'שם', 'טלפון', 'שליחה', 'המלצות', 'של', 'לקוחות', 'על', 'עו', 'ד', 'יואב', 'רונקין', 'eliko', 'biton', '25', 'jun', '23', 'יואב', 'נתן', 'לי', 'את', 'השירות', 'הכי', 'טוב', 'שיכולתי', 'לבקש', 'מהרגע', 'הראשון', 'ועד', 'האחרון', 'ליווה', 'אותי', 'כל', 'הדרך', 'עזר', 'לי', 'ותמך', 'בי', 'בכל', 'מה', 'שהייתי', 'צריךהתיק', 'שלי', 'לא', 'היה', 'פשוט', 'וזה', 'לאחר', '13', 'שנים', 'מהמקרה', 'ובכל', 'זאת', 'בזכותו', 'ניצחתי', 'בתביעה', 'קראו', 'עוד', 'סעדיה', '20', 'apr', '23', 'אין', 'על', 'עו', 'ד', 'יואב', 'לקח', 'את', 'הטיפול', 'ברצינות', 'הסביר', 'לנו', 'בדיוק', 'את', 'ההליך', 'והוציא', 'לנו', 'סכום', 'גדול', 'talia', 'ronkin', '03', 'sep', '22', 'eran', 'amir', '04', 'aug', '21', 'רונקין', 'ייצג', 'אותי', 'במסירות', 'ובהצלחה', 'תודה', 'רבה', 'על', 'כל', 'ההשקעה', 'moti', 'zaets', '04', 'aug', '21', 'יואב', 'איש', 'מקצועי', 'דאג', 'לי', 'ולמשפחתי', 'ממליץ', 'בחום', 'מכיר', 'אותו', 'שנים', 'איתי', 'טלבי', '01', 'aug', '21', 'בכל', 'מה', 'שקשור', 'לתביעות', 'ביטוח', 'אני', 'ממליץ', 'רק', 'על', 'עו', 'ד', 'יואב', 'רונקין', 'אני', 'סומך', 'עליו', 'בעיניים', 'עצומות', 'עמית', 'שכטר', '29', 'jul', '21', 'עורך', 'דין', 'אותי', 'בתביעה', 'שארכה', 'מעל', 'לשנה', 'ובסופה', 'השיג', 'לי', 'סכום', 'גדול', 'של', 'מאד', 'תמיד', 'עוזר', 'ותמיד', 'פנוי', 'קראו', 'עוד', 'nir', 'markowitz', '28', 'jul', '21', 'אנו', 'עובדים', 'עם', 'עורך', 'דין', 'יואב', 'רונקין', 'מזה', 'מספר', 'שנים', 'בליווי', 'תביעות', 'מבוטחים', 'משרד', 'מוביל', 'בדיני', 'ביטוח', 'מעבר', 'למקצוענות', 'ניתן', 'שירות', 'מעולה', 'ללקוחות', 'ממליץ', 'בחום', 'קראו', 'עוד', 'אברהם', 'וקנין', '12', 'feb', '19', 'עורך', 'דין', 'יואב', 'רונקין', 'אני', 'ממליץ', 'בחום', 'לפחות', 'להתיעץ', 'עם', 'עורך', 'דין', 'יואב', 'בטוח', 'שתתרשמו', 'לטובה', 'קראו', 'עוד', 'כתבות', 'נוספות', 'בנושא', 'הפיצוי', 'לנפגע', 'עם', 'נכות', 'נמוכה', 'בפסק', 'דין', 'שניתן', 'לאחרונה', 'בבית', 'משפט', 'השלום', 'בבת', 'ים', 'תאונת', 'אופנוע', 'מוטוקרוס', 'בפסק', 'דין', 'שניתן', 'לאחרונה', 'בבית', 'משפט', 'השלום', 'בנוף', 'עורך', 'דין', 'תאונות', 'דרכים', 'ברמת', 'גן', 'אם', 'אתם', 'מחפשים', 'עורך', 'דין', 'לתאונות', 'דרכים', 'ברמת', 'גן', 'תאונה', 'להולך', 'רגל', 'עם', 'מספר', 'כלי', 'רכב', 'כאשר', 'מתרחשת', 'תאונת', 'דרכים', 'להולך', 'רגל', 'שבה', 'מעורבים', 'מספר', 'קביעת', 'נכות', 'בתאונת', 'דרכים', 'בעבודה', 'שיעור', 'הנכות', 'במקרה', 'של', 'תאונת', 'דרכים', 'שהוכרה', 'כתאונת', 'עבודה', 'תביעה', 'נגד', 'הפול', 'רוכבי', 'אופנועים', 'וקטנועים', 'רבים', 'מבוטחים', 'בפול', 'במאמר', 'זה', 'נסביר', 'תאונה', 'ברכב', 'חונה', 'נפגע', 'בתאונת', 'דרכים', 'זכאי', 'לפיצוי', 'מביטוח', 'החובה', 'שביטח', 'את', 'שבר', 'בקרסול', 'שבר', 'בקרסול', 'יכול', 'לגרום', 'לנכות', 'תפקודית', 'גבוהה', 'במאמר', 'זה', 'כמה', 'מקבלים', 'על', 'שבר', 'כמה', 'מקבלים', 'על', 'שבר', 'ביד', 'או', 'שבר', 'ברגל', 'היא', 'כמה', 'זמן', 'לוקח', 'תביעת', 'תאונת', 'דרכים', 'כמה', 'זמן', 'לוקח', 'לקבל', 'פיצוי', 'בתביעת', 'תאונת', 'דרכים', 'קראו', 'עוד', 'שתפו', 'אותנו', 'yoav', 'רח', 'תובל', '40', 'מגדל', 'ספיר', 'קומה', '6', 'רמת', 'גן', '5252247', 'מפת', 'אתר', 'ראשי', 'אודות', 'פסקי', 'דין', 'חיפוש', 'באתר', 'מידע', 'מקצועי', 'צרו', 'קשר', 'ראשי', 'אודות', 'פסקי', 'דין', 'חיפוש', 'באתר', 'מידע', 'מקצועי', 'צרו', 'קשר', 'שירותי', 'המשרד', 'עורך', 'דין', 'ביטוח', 'עורך', 'דין', 'תאונות', 'דרכים', 'תביעה', 'נגד', 'עורך', 'דין', 'עורך', 'דין', 'תאונות', 'עבודה', 'עורך', 'דין', 'רשלנות', 'רפואית', 'עורך', 'דין', 'נזיקין', 'עורך', 'דין', 'ביטוח', 'לאומי', 'עורך', 'דין', 'דיני', 'עבודה', 'זכויות', 'נשים', 'בהריון', 'עורך', 'דין', 'ביטוח', 'עורך', 'דין', 'תאונות', 'דרכים', 'תביעה', 'נגד', 'עורך', 'דין', 'עורך', 'דין', 'תאונות', 'עבודה', 'עורך', 'דין', 'רשלנות', 'רפואית', 'עורך', 'דין', 'נזיקין', 'עורך', 'דין', 'ביטוח', 'לאומי', 'עורך', 'דין', 'דיני', 'עבודה', 'זכויות', 'נשים', 'בהריון', 'לייעוץ', 'ראשוני', 'ללא', 'התחייבות', 'השאירו', 'פרטים', 'שם', 'טלפון', 'הודעה', 'שליחה', 'facebook', 'linkedin', 'youtube', 'twitter', 'כל', 'הזכויות', 'שמורות', 'לעורך', 'דין', 'יואב', 'רונקין', 'אין', 'באמור', 'באתר', 'זה', 'משום', 'מתן', 'ייעוץ', 'משפטי', 'הצהרת', 'נגישות', 'צור', 'קשר', 'חייגו', 'ניווט', 'למשרד', 'ייעוץ', 'ראשוני', 'ללא', 'התחייבות', 'צלצלו', 'עכשיו', 'דילוג', 'לתוכן', 'פתח', 'סרגל', 'נגישות', 'accessibility', 'tools', 'accessibility', 'tools', 'increase', 'text', 'increase', 'text', 'decrease', 'text', 'decrease', 'text', 'grayscale', 'grayscale', 'high', 'contrast', 'high', 'contrast', 'negative', 'contrast', 'negative', 'contrast', 'light', 'background', 'light', 'background', 'links', 'underline', 'links', 'underline', 'readable', 'font', 'readable', 'font', 'איפוס', 'איפוס', 'הצהרת', 'נגישות', 'הצהרת', 'נגישות']","['בתביעה', 'רפואי', 'נזיקין', 'linkedin', 'מקצועיות', 'רב', 'זה', 'צרו', 'לקבל', 'רפואית', '036952017', 'המגיע', 'מאמרים', 'accessibility', 'להשפיע', 'הדין', 'התמחות', 'על', 'רק', 'אתכם', 'מידע', 'בתאונות', 'עורכי', 'לא', '6', 'הפנו', 'לוקח', 'לאחרונה', 'מה', 'מהתקשורת', 'מומלץ', 'עבודה', 'חוק', 'הטווח', 'כמה', 'המשפט', 'טלפון', 'readable', 'מנוסה', 'facebook', 'תאונות', 'תביעות', 'decrease', 'jul', 'tools', 'אתם', 'מבוטחים', 'הצוות', 'underline', 'בהריון', 'שנגרמו', 'לביטוח', 'בתאונת', 'שקשור', 'הרפואיות', 'קבלת', 'הצהרות', 'negative', 'עם', 'החיפוש', 'grayscale', 'הפיצוי', 'ד', 'סכום', 'אם', 'בקרסול', 'תחומי', 'נכות', 'לכך', 'light', 'הצהרת', 'רונקין', 'בולטות', 'באופן', 'מקצועי', 'ההוצאות', 'לכם', 'עורך', 'אודות', 'לקבלת', 'פנו', 'נגישות', 'אין', 'הינה', 'או', 'אני', 'high', 'ינסה', 'איפוס', 'גן', 'לייעוץ', 'לאחר', 'לרופא', 'ממליץ', 'נגד', 'ארוכות', 'חשוב', 'הצלחות', 'יואב', '04', 'השלום', 'להולך', 'שניתן', 'מביטוח', 'פסקי', 'בחום', 'ברמת', 'ייעוץ', 'תיעוד', 'בתביעות', 'פרטי', 'לתוכן', 'רשלנות', 'aug', 'שליחה', 'נפגעי', 'שלכם', 'מתמחה', 'ללא', 'שם', 'הטיפול', 'בכל', 'תאונה', 'עו', 'אלו', 'שנים', 'סגור', 'במאמר', 'חיפוש', 'דרכים', 'של', 'משפט', 'לתאונות', 'background', 'אספו', 'גדול', 'מדויק', 'אובדן', 'מיידי', 'עקב', 'צלצלו', 'כל', 'השאירו', 'לאומי', 'אותי', 'את', 'שבר', 'המשרד', 'לנו', 'בייצוג', 'תפריט', 'פרטים', 'קראו', 'תיבת', 'באתר', 'חייגו', 'תאונת', 'יכול', 'הזכויות', 'מספר', 'התחייבות', 'ממתן', 'אותו', 'עכשיו', 'זאת', 'מרבי', 'התביעה', 'ימי', 'לי', 'עוד', 'רגל', 'ושמרו', 'זמן', 'ראשי', 'נשים', 'font', 'contrast', 'המלצות', 'הביטוח', 'הרפואי', 'ניסיון', '23', '21', 'כללי', 'בפסק', 'הפיצויים', 'בביטוח', 'links', 'התאונה', 'לעורך', 'בבית', 'בתחום', 'דין', 'גם', 'increase', 'הקפידו', 'פיצוי', 'מקבלים', 'תביעה', 'ראשוני', 'משפטי', 'פנייה', 'דיני', 'כושר', 'קשר', 'ביטוח', 'שלו', 'במקרה', 'זכויות', 'text']"
https://www.ronkinlaw.co.il/category/car-accidents/,,0,20,0%,58.25,"
 
 
 
 
 
 תאונות דרכים - עו""ד יואב רונקין 
 
 
 
 
 
 
 
 
 
 
 
 
 
 
 
 
 
 
 
 
 
 
 
 
 
 
 
 
 
 
 
 
 
 
 
 
 
 
 
 
 
 
 
 
 
 
 
 
 
 
 
 
 
 
 
 
 
 
 
 
 
   
 
 
 
 
 
 
 
 דלג לתוכן 
 
 
 
 
 
 
 
 
 
 
 
 
   
 
 
 
 
 
 
 
 
 
 אודות 
 
 מהתקשורת 
 
 
 תחומי התמחות 
 
 עורך דין ביטוח 
 עורך דין תאונות דרכים 
 תביעה נגד עורך דין 
 עורך דין אובדן כושר עבודה 
 עורך דין תאונות עבודה 
 עורך דין נזיקין 
 עורך דין רשלנות רפואית 
 עורך דין ביטוח לאומי 
 עורך דין דיני עבודה 
 
 
 הצלחות המשרד 
 
 הצלחות בולטות 
 פסקי דין 
 
 
 מאמרים 
 
 דיני ביטוח 
 תאונות דרכים 
 תביעות עורכי דין 
 נזיקין 
 רשלנות רפואית 
 תאונות עבודה 
 אובדן כושר עבודה 
 ביטוח לאומי 
 כללי 
 
 
 צרו קשר 
   
 
   תפריט 
 
 
 אודות 
 
 מהתקשורת 
 
 
 תחומי התמחות 
 
 עורך דין ביטוח 
 עורך דין תאונות דרכים 
 תביעה נגד עורך דין 
 עורך דין אובדן כושר עבודה 
 עורך דין תאונות עבודה 
 עורך דין נזיקין 
 עורך דין רשלנות רפואית 
 עורך דין ביטוח לאומי 
 עורך דין דיני עבודה 
 
 
 הצלחות המשרד 
 
 הצלחות בולטות 
 פסקי דין 
 
 
 מאמרים 
 
 דיני ביטוח 
 תאונות דרכים 
 תביעות עורכי דין 
 נזיקין 
 רשלנות רפואית 
 תאונות עבודה 
 אובדן כושר עבודה 
 ביטוח לאומי 
 כללי 
 
 
 צרו קשר 
   
 
 
 
 
 
 
 
 
 
 
 
   חיפוש 
 
 
 חיפוש 
 
 
   סגור את תיבת החיפוש 
 
 
 
 
 
 
 
 
 
 
 
 
 
 
 
   
 
 
 
 
							לייעוץ ראשוני  חייגו עכשיו						 
 
 
						03-6952017					 
 
 
 
 
 
 
 
 
 
 
 
 
 
 
 
 
 
   
 
 
 
 
 
 
 
 אודות 
 
 מהתקשורת 
 
 
 תחומי התמחות 
 
 עורך דין ביטוח 
 עורך דין תאונות דרכים 
 תביעה נגד עורך דין 
 עורך דין אובדן כושר עבודה 
 עורך דין תאונות עבודה 
 עורך דין נזיקין 
 עורך דין רשלנות רפואית 
 עורך דין ביטוח לאומי 
 עורך דין דיני עבודה 
 
 
 הצלחות המשרד 
 
 הצלחות בולטות 
 פסקי דין 
 
 
 מאמרים 
 
 דיני ביטוח 
 תאונות דרכים 
 תביעות עורכי דין 
 נזיקין 
 רשלנות רפואית 
 תאונות עבודה 
 אובדן כושר עבודה 
 ביטוח לאומי 
 כללי 
 
 
 צרו קשר 
   
 
   תפריט 
 
 
 אודות 
 
 מהתקשורת 
 
 
 תחומי התמחות 
 
 עורך דין ביטוח 
 עורך דין תאונות דרכים 
 תביעה נגד עורך דין 
 עורך דין אובדן כושר עבודה 
 עורך דין תאונות עבודה 
 עורך דין נזיקין 
 עורך דין רשלנות רפואית 
 עורך דין ביטוח לאומי 
 עורך דין דיני עבודה 
 
 
 הצלחות המשרד 
 
 הצלחות בולטות 
 פסקי דין 
 
 
 מאמרים 
 
 דיני ביטוח 
 תאונות דרכים 
 תביעות עורכי דין 
 נזיקין 
 רשלנות רפואית 
 תאונות עבודה 
 אובדן כושר עבודה 
 ביטוח לאומי 
 כללי 
 
 
 צרו קשר 
   
 
 
 
 
 
 
 
 
 
 Facebook 
   
 
 
 
 Linkedin 
   
 
 
 
 
 
 
 
 
 
   חיפוש 
 
 
 חיפוש 
 
 
   סגור את תיבת החיפוש 
 
 
 
 
 
 
 
 
 
 
 
 
 
   
 
 
 
 
							לייעוץ ראשוני  חייגו עכשיו						 
 
 
						036952017					 
 
 
 
 
 
 
 
 
 
 
 
 
 
 
 
 
 
 אודות 
 
 מהתקשורת 
 
 
 תחומי התמחות 
 
 עורך דין ביטוח 
 עורך דין תאונות דרכים 
 תביעה נגד עורך דין 
 עורך דין אובדן כושר עבודה 
 עורך דין תאונות עבודה 
 עורך דין נזיקין 
 עורך דין רשלנות רפואית 
 עורך דין ביטוח לאומי 
 עורך דין דיני עבודה 
 
 
 הצלחות המשרד 
 
 הצלחות בולטות 
 פסקי דין 
 
 
 מאמרים 
 
 דיני ביטוח 
 תאונות דרכים 
 תביעות עורכי דין 
 נזיקין 
 רשלנות רפואית 
 תאונות עבודה 
 אובדן כושר עבודה 
 ביטוח לאומי 
 כללי 
 
 
 צרו קשר 
   
 
   תפריט 
 
 
 אודות 
 
 מהתקשורת 
 
 
 תחומי התמחות 
 
 עורך דין ביטוח 
 עורך דין תאונות דרכים 
 תביעה נגד עורך דין 
 עורך דין אובדן כושר עבודה 
 עורך דין תאונות עבודה 
 עורך דין נזיקין 
 עורך דין רשלנות רפואית 
 עורך דין ביטוח לאומי 
 עורך דין דיני עבודה 
 
 
 הצלחות המשרד 
 
 הצלחות בולטות 
 פסקי דין 
 
 
 מאמרים 
 
 דיני ביטוח 
 תאונות דרכים 
 תביעות עורכי דין 
 נזיקין 
 רשלנות רפואית 
 תאונות עבודה 
 אובדן כושר עבודה 
 ביטוח לאומי 
 כללי 
 
 
 צרו קשר 
   
 
 
 
 
 
 
 
 
 
 
 
   חיפוש 
 
 
 חיפוש 
 
 
   סגור את תיבת החיפוש 
 
 
 
 
 
 
 
 
 
 
 
 
 
 
 
   
 
 
 
 
							לייעוץ ראשוני חייגו						 
 
 
						036952017					 
 
 
 
 
 
 
 
 
 
 
 
   
 
 
 
 
 
 
 
 
 
 
 
 
 
 
 
 
 צלצלו עכשיו: 03-6952017    
 
 
 
 
 
 
 
 
 
 
 
 
 תאונות דרכים   
 
 
 
 
 
 
 
 
 
 לייעוץ ראשוני  ללא התחייבות    
 
 
 
 
 
 
 
 
 
 
 
 
								שם							 
 
 
 
 
								טלפון							 
 
 
 
 
 
 שליחה 
 
 
 
 
 
 
 
 
 
 
 
 
 
 
 
 
   
 
 
 
 
 
 
 6 המלצות מקצועיות לקבלת פיצוי מרבי לאחר תאונת דרכים   
 
 
 
 
   
 
 
 
 
 
 
 הפיצוי לנפגע עם נכות נמוכה   
 
 
 
 
   
 
 
 
 
 
 
 תאונת אופנוע מוטוקרוס   
 
 
 
 
   
 
 
 
 
 
 
 עורך דין תאונות דרכים ברמת גן   
 
 
 
 
   
 
 
 
 
 
 
 תאונה להולך רגל עם מספר כלי רכב   
 
 
 
 
   
 
 
 
 
 
 
 קביעת נכות בתאונת דרכים בעבודה   
 
 
 
 
   
 
 
 
 
 
 
 תביעה נגד הפול   
 
 
 
 
   
 
 
 
 
 
 
 תאונה ברכב חונה   
 
 
 
 
   
 
 
 
 
 
 
 שבר בקרסול   
 
 
 
 
   
 
 
 
 
 
 
 כמה מקבלים על שבר ?   
 
 
 
 
   
 
 
 
 
 
 
 כמה זמן לוקח תביעת תאונת דרכים   
 
 
 
 
   
 
 
 
 
 
 
 תאונת דרכים עצמית   
 
 
 
 
   
 
 
 
 
 
 
 חישוב נכות רפואית משוקללת   
 
 
 
 
   
 
 
 
 
 
 
 תאונה עם מלגזה   
 
 
 
 
   
 
 
 
 
 
 
 פגיעה נפשית בתאונת דרכים   
 
 
 
 
   
 
 
 
 
 
 
 אחוזי נכות קרע במיניסוקס   
 
 
 
 
   
 
 
 
 
 
 
 אחוזי נכות שבר באגן   
 
 
 
 
   
 
 
 
 
 
 
 אחוזי נכות פריצת דיסק   
 
 
 
 
   
 
 
 
 
 
 
 עורך דין מומלץ לתאונות דרכים   
 
 
 
 
   
 
 
 
 
 
 
 תאונה עם רישיון שלא חודש   
 
 
 
 
 
 
   
 
 
 
 
 טען עוד 
 
 
 
 
 
 
 
 
 
 
 
 
 
 
 
 
 
 
 
 
 
 
 
   
 
 
 
 
 03-6952017   
 
 
 
 
 
 
 
 
   
 
 
 
 
 yoav@ronkinlaw.co.il   
 
 
 
 
 
 
 
   
 
 
 
 03-5288812   
 
 
 
 
 
 
 
 
   
 
 
 
 
 רח' תובל 40 (מגדל ספיר), קומה 6, רמת גן 5252247   
 
 
 
 
 
 
 
 
 
 
 
 מפת אתר   
 
 
 
 
 ראשי 
 אודות 
 פסקי דין 
 חיפוש באתר 
 מידע מקצועי 
 צרו קשר 
   
 
 ראשי 
 אודות 
 פסקי דין 
 חיפוש באתר 
 מידע מקצועי 
 צרו קשר 
   
 
 
 
 
 
 
 
 
 שירותי המשרד   
 
 
 
 
 עורך דין ביטוח 
 עורך דין תאונות דרכים 
 תביעה נגד עורך דין 
 עורך דין תאונות עבודה 
 עורך דין רשלנות רפואית 
 עורך דין נזיקין 
 עורך דין ביטוח לאומי 
 עורך דין דיני עבודה 
 זכויות נשים בהריון 
   
 
 עורך דין ביטוח 
 עורך דין תאונות דרכים 
 תביעה נגד עורך דין 
 עורך דין תאונות עבודה 
 עורך דין רשלנות רפואית 
 עורך דין נזיקין 
 עורך דין ביטוח לאומי 
 עורך דין דיני עבודה 
 זכויות נשים בהריון 
   
 
 
 
 
 
 
 
 
 לייעוץ ראשוני   ללא התחייבות  השאירו פרטים   
 
 
 
 
 
 
 
 
 
 
								שם							 
 
 
 
 
								טלפון							 
 
 
 
 
								הודעה							 
   
 
 
 
 שליחה 
 
 
 
 
 
 
 
 
 
 
 
 
 Facebook 
   
 
 
 
 Linkedin 
   
 
 
 
 Youtube 
   
 
 
 
 Twitter 
   
 
 
 
 
 
 
 
 
 
 
 
 
 
 
 
 
 
 
 
 כל הזכויות שמורות לעורך דין יואב רונקין © אין באמור באתר זה משום מתן ייעוץ משפטי   
 
 
 
 
 
 
 
 הצהרת נגישות   
 
 
 
 
 
 
 
 
 
 
 
 
   
 
 
 
 
 צור קשר   
 
 
 
 
 
 
 
 
   
 
 
 
 
 חייגו   
 
 
 
 
 
 
 
 
   
 
 
 
 
 ניווט למשרד   
 
 
 
 
 
 
 
 
 
 
 
 ייעוץ ראשוני ללא התחייבות  - צלצלו עכשיו:  03-6952017   
 
 
 
 
 
 
 
 
 
 
 
 
 
 
 
 
 
 
 
 
 
 
 
 
 
 
 
 
 
 
 
 דילוג לתוכן 
 
 
 
 פתח סרגל נגישות 
 
 Accessibility Tools 
   
 
 
 
 
 Accessibility Tools 
 
 
 
 Increase Text Increase Text   
 
 
 
 Decrease Text Decrease Text   
 
 
 
 Grayscale Grayscale   
 
 
 
 High Contrast High Contrast   
 
 
 
 Negative Contrast Negative Contrast   
 
 
 
 Light Background Light Background   
 
 
 
 Links Underline Links Underline   
 
 
 
 Readable Font Readable Font   
 
 
 
 איפוס 
 איפוס 
 
 
 
 
 
 
 הצהרת נגישות הצהרת נגישות   
 
 
 
 
 
 
 
 
","['תאונות', 'דרכים', 'עו', 'ד', 'יואב', 'רונקין', 'דלג', 'לתוכן', 'אודות', 'מהתקשורת', 'תחומי', 'התמחות', 'עורך', 'דין', 'ביטוח', 'עורך', 'דין', 'תאונות', 'דרכים', 'תביעה', 'נגד', 'עורך', 'דין', 'עורך', 'דין', 'אובדן', 'כושר', 'עבודה', 'עורך', 'דין', 'תאונות', 'עבודה', 'עורך', 'דין', 'נזיקין', 'עורך', 'דין', 'רשלנות', 'רפואית', 'עורך', 'דין', 'ביטוח', 'לאומי', 'עורך', 'דין', 'דיני', 'עבודה', 'הצלחות', 'המשרד', 'הצלחות', 'בולטות', 'פסקי', 'דין', 'מאמרים', 'דיני', 'ביטוח', 'תאונות', 'דרכים', 'תביעות', 'עורכי', 'דין', 'נזיקין', 'רשלנות', 'רפואית', 'תאונות', 'עבודה', 'אובדן', 'כושר', 'עבודה', 'ביטוח', 'לאומי', 'כללי', 'צרו', 'קשר', 'תפריט', 'אודות', 'מהתקשורת', 'תחומי', 'התמחות', 'עורך', 'דין', 'ביטוח', 'עורך', 'דין', 'תאונות', 'דרכים', 'תביעה', 'נגד', 'עורך', 'דין', 'עורך', 'דין', 'אובדן', 'כושר', 'עבודה', 'עורך', 'דין', 'תאונות', 'עבודה', 'עורך', 'דין', 'נזיקין', 'עורך', 'דין', 'רשלנות', 'רפואית', 'עורך', 'דין', 'ביטוח', 'לאומי', 'עורך', 'דין', 'דיני', 'עבודה', 'הצלחות', 'המשרד', 'הצלחות', 'בולטות', 'פסקי', 'דין', 'מאמרים', 'דיני', 'ביטוח', 'תאונות', 'דרכים', 'תביעות', 'עורכי', 'דין', 'נזיקין', 'רשלנות', 'רפואית', 'תאונות', 'עבודה', 'אובדן', 'כושר', 'עבודה', 'ביטוח', 'לאומי', 'כללי', 'צרו', 'קשר', 'חיפוש', 'חיפוש', 'סגור', 'את', 'תיבת', 'החיפוש', 'לייעוץ', 'ראשוני', 'חייגו', 'עכשיו', 'אודות', 'מהתקשורת', 'תחומי', 'התמחות', 'עורך', 'דין', 'ביטוח', 'עורך', 'דין', 'תאונות', 'דרכים', 'תביעה', 'נגד', 'עורך', 'דין', 'עורך', 'דין', 'אובדן', 'כושר', 'עבודה', 'עורך', 'דין', 'תאונות', 'עבודה', 'עורך', 'דין', 'נזיקין', 'עורך', 'דין', 'רשלנות', 'רפואית', 'עורך', 'דין', 'ביטוח', 'לאומי', 'עורך', 'דין', 'דיני', 'עבודה', 'הצלחות', 'המשרד', 'הצלחות', 'בולטות', 'פסקי', 'דין', 'מאמרים', 'דיני', 'ביטוח', 'תאונות', 'דרכים', 'תביעות', 'עורכי', 'דין', 'נזיקין', 'רשלנות', 'רפואית', 'תאונות', 'עבודה', 'אובדן', 'כושר', 'עבודה', 'ביטוח', 'לאומי', 'כללי', 'צרו', 'קשר', 'תפריט', 'אודות', 'מהתקשורת', 'תחומי', 'התמחות', 'עורך', 'דין', 'ביטוח', 'עורך', 'דין', 'תאונות', 'דרכים', 'תביעה', 'נגד', 'עורך', 'דין', 'עורך', 'דין', 'אובדן', 'כושר', 'עבודה', 'עורך', 'דין', 'תאונות', 'עבודה', 'עורך', 'דין', 'נזיקין', 'עורך', 'דין', 'רשלנות', 'רפואית', 'עורך', 'דין', 'ביטוח', 'לאומי', 'עורך', 'דין', 'דיני', 'עבודה', 'הצלחות', 'המשרד', 'הצלחות', 'בולטות', 'פסקי', 'דין', 'מאמרים', 'דיני', 'ביטוח', 'תאונות', 'דרכים', 'תביעות', 'עורכי', 'דין', 'נזיקין', 'רשלנות', 'רפואית', 'תאונות', 'עבודה', 'אובדן', 'כושר', 'עבודה', 'ביטוח', 'לאומי', 'כללי', 'צרו', 'קשר', 'facebook', 'linkedin', 'חיפוש', 'חיפוש', 'סגור', 'את', 'תיבת', 'החיפוש', 'לייעוץ', 'ראשוני', 'חייגו', 'עכשיו', '036952017', 'אודות', 'מהתקשורת', 'תחומי', 'התמחות', 'עורך', 'דין', 'ביטוח', 'עורך', 'דין', 'תאונות', 'דרכים', 'תביעה', 'נגד', 'עורך', 'דין', 'עורך', 'דין', 'אובדן', 'כושר', 'עבודה', 'עורך', 'דין', 'תאונות', 'עבודה', 'עורך', 'דין', 'נזיקין', 'עורך', 'דין', 'רשלנות', 'רפואית', 'עורך', 'דין', 'ביטוח', 'לאומי', 'עורך', 'דין', 'דיני', 'עבודה', 'הצלחות', 'המשרד', 'הצלחות', 'בולטות', 'פסקי', 'דין', 'מאמרים', 'דיני', 'ביטוח', 'תאונות', 'דרכים', 'תביעות', 'עורכי', 'דין', 'נזיקין', 'רשלנות', 'רפואית', 'תאונות', 'עבודה', 'אובדן', 'כושר', 'עבודה', 'ביטוח', 'לאומי', 'כללי', 'צרו', 'קשר', 'תפריט', 'אודות', 'מהתקשורת', 'תחומי', 'התמחות', 'עורך', 'דין', 'ביטוח', 'עורך', 'דין', 'תאונות', 'דרכים', 'תביעה', 'נגד', 'עורך', 'דין', 'עורך', 'דין', 'אובדן', 'כושר', 'עבודה', 'עורך', 'דין', 'תאונות', 'עבודה', 'עורך', 'דין', 'נזיקין', 'עורך', 'דין', 'רשלנות', 'רפואית', 'עורך', 'דין', 'ביטוח', 'לאומי', 'עורך', 'דין', 'דיני', 'עבודה', 'הצלחות', 'המשרד', 'הצלחות', 'בולטות', 'פסקי', 'דין', 'מאמרים', 'דיני', 'ביטוח', 'תאונות', 'דרכים', 'תביעות', 'עורכי', 'דין', 'נזיקין', 'רשלנות', 'רפואית', 'תאונות', 'עבודה', 'אובדן', 'כושר', 'עבודה', 'ביטוח', 'לאומי', 'כללי', 'צרו', 'קשר', 'חיפוש', 'חיפוש', 'סגור', 'את', 'תיבת', 'החיפוש', 'לייעוץ', 'ראשוני', 'חייגו', '036952017', 'צלצלו', 'עכשיו', 'תאונות', 'דרכים', 'לייעוץ', 'ראשוני', 'ללא', 'התחייבות', 'שם', 'טלפון', 'שליחה', '6', 'המלצות', 'מקצועיות', 'לקבלת', 'פיצוי', 'מרבי', 'לאחר', 'תאונת', 'דרכים', 'הפיצוי', 'לנפגע', 'עם', 'נכות', 'נמוכה', 'תאונת', 'אופנוע', 'מוטוקרוס', 'עורך', 'דין', 'תאונות', 'דרכים', 'ברמת', 'גן', 'תאונה', 'להולך', 'רגל', 'עם', 'מספר', 'כלי', 'רכב', 'קביעת', 'נכות', 'בתאונת', 'דרכים', 'בעבודה', 'תביעה', 'נגד', 'הפול', 'תאונה', 'ברכב', 'חונה', 'שבר', 'בקרסול', 'כמה', 'מקבלים', 'על', 'שבר', 'כמה', 'זמן', 'לוקח', 'תביעת', 'תאונת', 'דרכים', 'תאונת', 'דרכים', 'עצמית', 'חישוב', 'נכות', 'רפואית', 'משוקללת', 'תאונה', 'עם', 'מלגזה', 'פגיעה', 'נפשית', 'בתאונת', 'דרכים', 'אחוזי', 'נכות', 'קרע', 'במיניסוקס', 'אחוזי', 'נכות', 'שבר', 'באגן', 'אחוזי', 'נכות', 'פריצת', 'דיסק', 'עורך', 'דין', 'מומלץ', 'לתאונות', 'דרכים', 'תאונה', 'עם', 'רישיון', 'שלא', 'חודש', 'טען', 'עוד', 'yoav', 'רח', 'תובל', '40', 'מגדל', 'ספיר', 'קומה', '6', 'רמת', 'גן', '5252247', 'מפת', 'אתר', 'ראשי', 'אודות', 'פסקי', 'דין', 'חיפוש', 'באתר', 'מידע', 'מקצועי', 'צרו', 'קשר', 'ראשי', 'אודות', 'פסקי', 'דין', 'חיפוש', 'באתר', 'מידע', 'מקצועי', 'צרו', 'קשר', 'שירותי', 'המשרד', 'עורך', 'דין', 'ביטוח', 'עורך', 'דין', 'תאונות', 'דרכים', 'תביעה', 'נגד', 'עורך', 'דין', 'עורך', 'דין', 'תאונות', 'עבודה', 'עורך', 'דין', 'רשלנות', 'רפואית', 'עורך', 'דין', 'נזיקין', 'עורך', 'דין', 'ביטוח', 'לאומי', 'עורך', 'דין', 'דיני', 'עבודה', 'זכויות', 'נשים', 'בהריון', 'עורך', 'דין', 'ביטוח', 'עורך', 'דין', 'תאונות', 'דרכים', 'תביעה', 'נגד', 'עורך', 'דין', 'עורך', 'דין', 'תאונות', 'עבודה', 'עורך', 'דין', 'רשלנות', 'רפואית', 'עורך', 'דין', 'נזיקין', 'עורך', 'דין', 'ביטוח', 'לאומי', 'עורך', 'דין', 'דיני', 'עבודה', 'זכויות', 'נשים', 'בהריון', 'לייעוץ', 'ראשוני', 'ללא', 'התחייבות', 'השאירו', 'פרטים', 'שם', 'טלפון', 'הודעה', 'שליחה', 'facebook', 'linkedin', 'youtube', 'twitter', 'כל', 'הזכויות', 'שמורות', 'לעורך', 'דין', 'יואב', 'רונקין', 'אין', 'באמור', 'באתר', 'זה', 'משום', 'מתן', 'ייעוץ', 'משפטי', 'הצהרת', 'נגישות', 'צור', 'קשר', 'חייגו', 'ניווט', 'למשרד', 'ייעוץ', 'ראשוני', 'ללא', 'התחייבות', 'צלצלו', 'עכשיו', 'דילוג', 'לתוכן', 'פתח', 'סרגל', 'נגישות', 'accessibility', 'tools', 'accessibility', 'tools', 'increase', 'text', 'increase', 'text', 'decrease', 'text', 'decrease', 'text', 'grayscale', 'grayscale', 'high', 'contrast', 'high', 'contrast', 'negative', 'contrast', 'negative', 'contrast', 'light', 'background', 'light', 'background', 'links', 'underline', 'links', 'underline', 'readable', 'font', 'readable', 'font', 'איפוס', 'איפוס', 'הצהרת', 'נגישות', 'הצהרת', 'נגישות']","['נזיקין', 'linkedin', 'צרו', 'רפואית', '036952017', 'מאמרים', 'accessibility', 'התמחות', 'מידע', 'עורכי', '6', 'מהתקשורת', 'עבודה', 'כמה', 'אחוזי', 'טלפון', 'readable', 'facebook', 'תאונות', 'תביעות', 'decrease', 'tools', 'underline', 'בהריון', 'בתאונת', 'negative', 'עם', 'החיפוש', 'grayscale', 'תחומי', 'נכות', 'light', 'הצהרת', 'רונקין', 'בולטות', 'מקצועי', 'עורך', 'אודות', 'נגישות', 'high', 'איפוס', 'גן', 'לייעוץ', 'יואב', 'נגד', 'הצלחות', 'פסקי', 'ייעוץ', 'לתוכן', 'רשלנות', 'שליחה', 'ללא', 'שם', 'תאונה', 'סגור', 'חיפוש', 'דרכים', 'background', 'אובדן', 'צלצלו', 'לאומי', 'את', 'שבר', 'המשרד', 'תפריט', 'תיבת', 'באתר', 'חייגו', 'תאונת', 'התחייבות', 'עכשיו', 'נשים', 'ראשי', 'font', 'contrast', 'כללי', 'links', 'דין', 'increase', 'תביעה', 'ראשוני', 'דיני', 'כושר', 'קשר', 'ביטוח', 'זכויות', 'text']"
https://www.ronkinlaw.co.il/category/car-accidents/lawsuit-against-karnit/,,0,11,0%,31.36,"
 
 
 
 
 
 תביעה נגד קרנית - עו""ד יואב רונקין 
 
 
 
 
 
 
 
 
 
 
 
 
 
 
 
 
 
 
 
 
 
 
 
 
 
 
 
 
 
 
 
 
 
 
 
 
 
 
 
 
 
 
 
 
 
 
 
 
 
 
 
 
 
 
 
 
 
 
 
 
   
 
 
 
 
 
 
 
 דלג לתוכן 
 
 
 
 
 
 
 
 
 
 
 
 
   
 
 
 
 
 
 
 
 
 
 אודות 
 
 מהתקשורת 
 
 
 תחומי התמחות 
 
 עורך דין ביטוח 
 עורך דין תאונות דרכים 
 תביעה נגד עורך דין 
 עורך דין אובדן כושר עבודה 
 עורך דין תאונות עבודה 
 עורך דין נזיקין 
 עורך דין רשלנות רפואית 
 עורך דין ביטוח לאומי 
 עורך דין דיני עבודה 
 
 
 הצלחות המשרד 
 
 הצלחות בולטות 
 פסקי דין 
 
 
 מאמרים 
 
 דיני ביטוח 
 תאונות דרכים 
 תביעות עורכי דין 
 נזיקין 
 רשלנות רפואית 
 תאונות עבודה 
 אובדן כושר עבודה 
 ביטוח לאומי 
 כללי 
 
 
 צרו קשר 
   
 
   תפריט 
 
 
 אודות 
 
 מהתקשורת 
 
 
 תחומי התמחות 
 
 עורך דין ביטוח 
 עורך דין תאונות דרכים 
 תביעה נגד עורך דין 
 עורך דין אובדן כושר עבודה 
 עורך דין תאונות עבודה 
 עורך דין נזיקין 
 עורך דין רשלנות רפואית 
 עורך דין ביטוח לאומי 
 עורך דין דיני עבודה 
 
 
 הצלחות המשרד 
 
 הצלחות בולטות 
 פסקי דין 
 
 
 מאמרים 
 
 דיני ביטוח 
 תאונות דרכים 
 תביעות עורכי דין 
 נזיקין 
 רשלנות רפואית 
 תאונות עבודה 
 אובדן כושר עבודה 
 ביטוח לאומי 
 כללי 
 
 
 צרו קשר 
   
 
 
 
 
 
 
 
 
 
 
 
   חיפוש 
 
 
 חיפוש 
 
 
   סגור את תיבת החיפוש 
 
 
 
 
 
 
 
 
 
 
 
 
 
 
 
   
 
 
 
 
							לייעוץ ראשוני  חייגו עכשיו						 
 
 
						03-6952017					 
 
 
 
 
 
 
 
 
 
 
 
 
 
 
 
 
 
   
 
 
 
 
 
 
 
 אודות 
 
 מהתקשורת 
 
 
 תחומי התמחות 
 
 עורך דין ביטוח 
 עורך דין תאונות דרכים 
 תביעה נגד עורך דין 
 עורך דין אובדן כושר עבודה 
 עורך דין תאונות עבודה 
 עורך דין נזיקין 
 עורך דין רשלנות רפואית 
 עורך דין ביטוח לאומי 
 עורך דין דיני עבודה 
 
 
 הצלחות המשרד 
 
 הצלחות בולטות 
 פסקי דין 
 
 
 מאמרים 
 
 דיני ביטוח 
 תאונות דרכים 
 תביעות עורכי דין 
 נזיקין 
 רשלנות רפואית 
 תאונות עבודה 
 אובדן כושר עבודה 
 ביטוח לאומי 
 כללי 
 
 
 צרו קשר 
   
 
   תפריט 
 
 
 אודות 
 
 מהתקשורת 
 
 
 תחומי התמחות 
 
 עורך דין ביטוח 
 עורך דין תאונות דרכים 
 תביעה נגד עורך דין 
 עורך דין אובדן כושר עבודה 
 עורך דין תאונות עבודה 
 עורך דין נזיקין 
 עורך דין רשלנות רפואית 
 עורך דין ביטוח לאומי 
 עורך דין דיני עבודה 
 
 
 הצלחות המשרד 
 
 הצלחות בולטות 
 פסקי דין 
 
 
 מאמרים 
 
 דיני ביטוח 
 תאונות דרכים 
 תביעות עורכי דין 
 נזיקין 
 רשלנות רפואית 
 תאונות עבודה 
 אובדן כושר עבודה 
 ביטוח לאומי 
 כללי 
 
 
 צרו קשר 
   
 
 
 
 
 
 
 
 
 
 Facebook 
   
 
 
 
 Linkedin 
   
 
 
 
 
 
 
 
 
 
   חיפוש 
 
 
 חיפוש 
 
 
   סגור את תיבת החיפוש 
 
 
 
 
 
 
 
 
 
 
 
 
 
   
 
 
 
 
							לייעוץ ראשוני  חייגו עכשיו						 
 
 
						036952017					 
 
 
 
 
 
 
 
 
 
 
 
 
 
 
 
 
 
 אודות 
 
 מהתקשורת 
 
 
 תחומי התמחות 
 
 עורך דין ביטוח 
 עורך דין תאונות דרכים 
 תביעה נגד עורך דין 
 עורך דין אובדן כושר עבודה 
 עורך דין תאונות עבודה 
 עורך דין נזיקין 
 עורך דין רשלנות רפואית 
 עורך דין ביטוח לאומי 
 עורך דין דיני עבודה 
 
 
 הצלחות המשרד 
 
 הצלחות בולטות 
 פסקי דין 
 
 
 מאמרים 
 
 דיני ביטוח 
 תאונות דרכים 
 תביעות עורכי דין 
 נזיקין 
 רשלנות רפואית 
 תאונות עבודה 
 אובדן כושר עבודה 
 ביטוח לאומי 
 כללי 
 
 
 צרו קשר 
   
 
   תפריט 
 
 
 אודות 
 
 מהתקשורת 
 
 
 תחומי התמחות 
 
 עורך דין ביטוח 
 עורך דין תאונות דרכים 
 תביעה נגד עורך דין 
 עורך דין אובדן כושר עבודה 
 עורך דין תאונות עבודה 
 עורך דין נזיקין 
 עורך דין רשלנות רפואית 
 עורך דין ביטוח לאומי 
 עורך דין דיני עבודה 
 
 
 הצלחות המשרד 
 
 הצלחות בולטות 
 פסקי דין 
 
 
 מאמרים 
 
 דיני ביטוח 
 תאונות דרכים 
 תביעות עורכי דין 
 נזיקין 
 רשלנות רפואית 
 תאונות עבודה 
 אובדן כושר עבודה 
 ביטוח לאומי 
 כללי 
 
 
 צרו קשר 
   
 
 
 
 
 
 
 
 
 
 
 
   חיפוש 
 
 
 חיפוש 
 
 
   סגור את תיבת החיפוש 
 
 
 
 
 
 
 
 
 
 
 
 
 
 
 
   
 
 
 
 
							לייעוץ ראשוני חייגו						 
 
 
						036952017					 
 
 
 
 
 
 
 
 
 
 
 
   
 
 
 
 
 
 
 
 
 
 
 
 
 
 
 
 
 צלצלו עכשיו: 03-6952017    
 
 
 
 
 
 
 
 
 
 
 
 
 תביעה נגד קרנית   
 
 
 
 
 
 
 
 
 
 לייעוץ ראשוני  ללא התחייבות    
 
 
 
 
 
 
 
 
 
 
 
 
								שם							 
 
 
 
 
								טלפון							 
 
 
 
 
 
 שליחה 
 
 
 
 
 
 
 
 
 
 
 
 
 
 
 
 
   
 
 
 
 
 
 
 תאונת אופנוע מוטוקרוס   
 
 
 
 
   
 
 
 
 
 
 
 זכות החזרה   
 
 
 
 
   
 
 
 
 
 
 
 תאונה ללא ביטוח חובה   
 
 
 
 
   
 
 
 
 
 
 
 תאונת פגע וברח   
 
 
 
 
   
 
 
 
 
 
 
 מה לעשות אחרי תאונת דרכים   
 
 
 
 
   
 
 
 
 
 
 
 פיצויים תאונת אופנוע   
 
 
 
 
   
 
 
 
 
 
 
 תאונת אופנוע קשה   
 
 
 
 
 
 
   
 
 
 
 
 
 
 
 
 
 
 
 
 
 
 
 
 
 
 
   
 
 
 
 
 03-6952017   
 
 
 
 
 
 
 
 
   
 
 
 
 
 yoav@ronkinlaw.co.il   
 
 
 
 
 
 
 
   
 
 
 
 03-5288812   
 
 
 
 
 
 
 
 
   
 
 
 
 
 רח' תובל 40 (מגדל ספיר), קומה 6, רמת גן 5252247   
 
 
 
 
 
 
 
 
 
 
 
 מפת אתר   
 
 
 
 
 ראשי 
 אודות 
 פסקי דין 
 חיפוש באתר 
 מידע מקצועי 
 צרו קשר 
   
 
 ראשי 
 אודות 
 פסקי דין 
 חיפוש באתר 
 מידע מקצועי 
 צרו קשר 
   
 
 
 
 
 
 
 
 
 שירותי המשרד   
 
 
 
 
 עורך דין ביטוח 
 עורך דין תאונות דרכים 
 תביעה נגד עורך דין 
 עורך דין תאונות עבודה 
 עורך דין רשלנות רפואית 
 עורך דין נזיקין 
 עורך דין ביטוח לאומי 
 עורך דין דיני עבודה 
 זכויות נשים בהריון 
   
 
 עורך דין ביטוח 
 עורך דין תאונות דרכים 
 תביעה נגד עורך דין 
 עורך דין תאונות עבודה 
 עורך דין רשלנות רפואית 
 עורך דין נזיקין 
 עורך דין ביטוח לאומי 
 עורך דין דיני עבודה 
 זכויות נשים בהריון 
   
 
 
 
 
 
 
 
 
 לייעוץ ראשוני   ללא התחייבות  השאירו פרטים   
 
 
 
 
 
 
 
 
 
 
								שם							 
 
 
 
 
								טלפון							 
 
 
 
 
								הודעה							 
   
 
 
 
 שליחה 
 
 
 
 
 
 
 
 
 
 
 
 
 Facebook 
   
 
 
 
 Linkedin 
   
 
 
 
 Youtube 
   
 
 
 
 Twitter 
   
 
 
 
 
 
 
 
 
 
 
 
 
 
 
 
 
 
 
 
 כל הזכויות שמורות לעורך דין יואב רונקין © אין באמור באתר זה משום מתן ייעוץ משפטי   
 
 
 
 
 
 
 
 הצהרת נגישות   
 
 
 
 
 
 
 
 
 
 
 
 
   
 
 
 
 
 צור קשר   
 
 
 
 
 
 
 
 
   
 
 
 
 
 חייגו   
 
 
 
 
 
 
 
 
   
 
 
 
 
 ניווט למשרד   
 
 
 
 
 
 
 
 
 
 
 
 ייעוץ ראשוני ללא התחייבות  - צלצלו עכשיו:  03-6952017   
 
 
 
 
 
 
 
 
 
 
 
 
 
 
 
 
 
 
 
 
 
 
 
 
 
 
 
 
 
 
 
 דילוג לתוכן 
 
 
 
 פתח סרגל נגישות 
 
 Accessibility Tools 
   
 
 
 
 
 Accessibility Tools 
 
 
 
 Increase Text Increase Text   
 
 
 
 Decrease Text Decrease Text   
 
 
 
 Grayscale Grayscale   
 
 
 
 High Contrast High Contrast   
 
 
 
 Negative Contrast Negative Contrast   
 
 
 
 Light Background Light Background   
 
 
 
 Links Underline Links Underline   
 
 
 
 Readable Font Readable Font   
 
 
 
 איפוס 
 איפוס 
 
 
 
 
 
 
 הצהרת נגישות הצהרת נגישות   
 
 
 
 
 
 
 
 
","['תביעה', 'נגד', 'קרנית', 'עו', 'ד', 'יואב', 'רונקין', 'דלג', 'לתוכן', 'אודות', 'מהתקשורת', 'תחומי', 'התמחות', 'עורך', 'דין', 'ביטוח', 'עורך', 'דין', 'תאונות', 'דרכים', 'תביעה', 'נגד', 'עורך', 'דין', 'עורך', 'דין', 'אובדן', 'כושר', 'עבודה', 'עורך', 'דין', 'תאונות', 'עבודה', 'עורך', 'דין', 'נזיקין', 'עורך', 'דין', 'רשלנות', 'רפואית', 'עורך', 'דין', 'ביטוח', 'לאומי', 'עורך', 'דין', 'דיני', 'עבודה', 'הצלחות', 'המשרד', 'הצלחות', 'בולטות', 'פסקי', 'דין', 'מאמרים', 'דיני', 'ביטוח', 'תאונות', 'דרכים', 'תביעות', 'עורכי', 'דין', 'נזיקין', 'רשלנות', 'רפואית', 'תאונות', 'עבודה', 'אובדן', 'כושר', 'עבודה', 'ביטוח', 'לאומי', 'כללי', 'צרו', 'קשר', 'תפריט', 'אודות', 'מהתקשורת', 'תחומי', 'התמחות', 'עורך', 'דין', 'ביטוח', 'עורך', 'דין', 'תאונות', 'דרכים', 'תביעה', 'נגד', 'עורך', 'דין', 'עורך', 'דין', 'אובדן', 'כושר', 'עבודה', 'עורך', 'דין', 'תאונות', 'עבודה', 'עורך', 'דין', 'נזיקין', 'עורך', 'דין', 'רשלנות', 'רפואית', 'עורך', 'דין', 'ביטוח', 'לאומי', 'עורך', 'דין', 'דיני', 'עבודה', 'הצלחות', 'המשרד', 'הצלחות', 'בולטות', 'פסקי', 'דין', 'מאמרים', 'דיני', 'ביטוח', 'תאונות', 'דרכים', 'תביעות', 'עורכי', 'דין', 'נזיקין', 'רשלנות', 'רפואית', 'תאונות', 'עבודה', 'אובדן', 'כושר', 'עבודה', 'ביטוח', 'לאומי', 'כללי', 'צרו', 'קשר', 'חיפוש', 'חיפוש', 'סגור', 'את', 'תיבת', 'החיפוש', 'לייעוץ', 'ראשוני', 'חייגו', 'עכשיו', 'אודות', 'מהתקשורת', 'תחומי', 'התמחות', 'עורך', 'דין', 'ביטוח', 'עורך', 'דין', 'תאונות', 'דרכים', 'תביעה', 'נגד', 'עורך', 'דין', 'עורך', 'דין', 'אובדן', 'כושר', 'עבודה', 'עורך', 'דין', 'תאונות', 'עבודה', 'עורך', 'דין', 'נזיקין', 'עורך', 'דין', 'רשלנות', 'רפואית', 'עורך', 'דין', 'ביטוח', 'לאומי', 'עורך', 'דין', 'דיני', 'עבודה', 'הצלחות', 'המשרד', 'הצלחות', 'בולטות', 'פסקי', 'דין', 'מאמרים', 'דיני', 'ביטוח', 'תאונות', 'דרכים', 'תביעות', 'עורכי', 'דין', 'נזיקין', 'רשלנות', 'רפואית', 'תאונות', 'עבודה', 'אובדן', 'כושר', 'עבודה', 'ביטוח', 'לאומי', 'כללי', 'צרו', 'קשר', 'תפריט', 'אודות', 'מהתקשורת', 'תחומי', 'התמחות', 'עורך', 'דין', 'ביטוח', 'עורך', 'דין', 'תאונות', 'דרכים', 'תביעה', 'נגד', 'עורך', 'דין', 'עורך', 'דין', 'אובדן', 'כושר', 'עבודה', 'עורך', 'דין', 'תאונות', 'עבודה', 'עורך', 'דין', 'נזיקין', 'עורך', 'דין', 'רשלנות', 'רפואית', 'עורך', 'דין', 'ביטוח', 'לאומי', 'עורך', 'דין', 'דיני', 'עבודה', 'הצלחות', 'המשרד', 'הצלחות', 'בולטות', 'פסקי', 'דין', 'מאמרים', 'דיני', 'ביטוח', 'תאונות', 'דרכים', 'תביעות', 'עורכי', 'דין', 'נזיקין', 'רשלנות', 'רפואית', 'תאונות', 'עבודה', 'אובדן', 'כושר', 'עבודה', 'ביטוח', 'לאומי', 'כללי', 'צרו', 'קשר', 'facebook', 'linkedin', 'חיפוש', 'חיפוש', 'סגור', 'את', 'תיבת', 'החיפוש', 'לייעוץ', 'ראשוני', 'חייגו', 'עכשיו', '036952017', 'אודות', 'מהתקשורת', 'תחומי', 'התמחות', 'עורך', 'דין', 'ביטוח', 'עורך', 'דין', 'תאונות', 'דרכים', 'תביעה', 'נגד', 'עורך', 'דין', 'עורך', 'דין', 'אובדן', 'כושר', 'עבודה', 'עורך', 'דין', 'תאונות', 'עבודה', 'עורך', 'דין', 'נזיקין', 'עורך', 'דין', 'רשלנות', 'רפואית', 'עורך', 'דין', 'ביטוח', 'לאומי', 'עורך', 'דין', 'דיני', 'עבודה', 'הצלחות', 'המשרד', 'הצלחות', 'בולטות', 'פסקי', 'דין', 'מאמרים', 'דיני', 'ביטוח', 'תאונות', 'דרכים', 'תביעות', 'עורכי', 'דין', 'נזיקין', 'רשלנות', 'רפואית', 'תאונות', 'עבודה', 'אובדן', 'כושר', 'עבודה', 'ביטוח', 'לאומי', 'כללי', 'צרו', 'קשר', 'תפריט', 'אודות', 'מהתקשורת', 'תחומי', 'התמחות', 'עורך', 'דין', 'ביטוח', 'עורך', 'דין', 'תאונות', 'דרכים', 'תביעה', 'נגד', 'עורך', 'דין', 'עורך', 'דין', 'אובדן', 'כושר', 'עבודה', 'עורך', 'דין', 'תאונות', 'עבודה', 'עורך', 'דין', 'נזיקין', 'עורך', 'דין', 'רשלנות', 'רפואית', 'עורך', 'דין', 'ביטוח', 'לאומי', 'עורך', 'דין', 'דיני', 'עבודה', 'הצלחות', 'המשרד', 'הצלחות', 'בולטות', 'פסקי', 'דין', 'מאמרים', 'דיני', 'ביטוח', 'תאונות', 'דרכים', 'תביעות', 'עורכי', 'דין', 'נזיקין', 'רשלנות', 'רפואית', 'תאונות', 'עבודה', 'אובדן', 'כושר', 'עבודה', 'ביטוח', 'לאומי', 'כללי', 'צרו', 'קשר', 'חיפוש', 'חיפוש', 'סגור', 'את', 'תיבת', 'החיפוש', 'לייעוץ', 'ראשוני', 'חייגו', '036952017', 'צלצלו', 'עכשיו', 'תביעה', 'נגד', 'קרנית', 'לייעוץ', 'ראשוני', 'ללא', 'התחייבות', 'שם', 'טלפון', 'שליחה', 'תאונת', 'אופנוע', 'מוטוקרוס', 'זכות', 'החזרה', 'תאונה', 'ללא', 'ביטוח', 'חובה', 'תאונת', 'פגע', 'וברח', 'מה', 'לעשות', 'אחרי', 'תאונת', 'דרכים', 'פיצויים', 'תאונת', 'אופנוע', 'תאונת', 'אופנוע', 'קשה', 'yoav', 'רח', 'תובל', '40', 'מגדל', 'ספיר', 'קומה', '6', 'רמת', 'גן', '5252247', 'מפת', 'אתר', 'ראשי', 'אודות', 'פסקי', 'דין', 'חיפוש', 'באתר', 'מידע', 'מקצועי', 'צרו', 'קשר', 'ראשי', 'אודות', 'פסקי', 'דין', 'חיפוש', 'באתר', 'מידע', 'מקצועי', 'צרו', 'קשר', 'שירותי', 'המשרד', 'עורך', 'דין', 'ביטוח', 'עורך', 'דין', 'תאונות', 'דרכים', 'תביעה', 'נגד', 'עורך', 'דין', 'עורך', 'דין', 'תאונות', 'עבודה', 'עורך', 'דין', 'רשלנות', 'רפואית', 'עורך', 'דין', 'נזיקין', 'עורך', 'דין', 'ביטוח', 'לאומי', 'עורך', 'דין', 'דיני', 'עבודה', 'זכויות', 'נשים', 'בהריון', 'עורך', 'דין', 'ביטוח', 'עורך', 'דין', 'תאונות', 'דרכים', 'תביעה', 'נגד', 'עורך', 'דין', 'עורך', 'דין', 'תאונות', 'עבודה', 'עורך', 'דין', 'רשלנות', 'רפואית', 'עורך', 'דין', 'נזיקין', 'עורך', 'דין', 'ביטוח', 'לאומי', 'עורך', 'דין', 'דיני', 'עבודה', 'זכויות', 'נשים', 'בהריון', 'לייעוץ', 'ראשוני', 'ללא', 'התחייבות', 'השאירו', 'פרטים', 'שם', 'טלפון', 'הודעה', 'שליחה', 'facebook', 'linkedin', 'youtube', 'twitter', 'כל', 'הזכויות', 'שמורות', 'לעורך', 'דין', 'יואב', 'רונקין', 'אין', 'באמור', 'באתר', 'זה', 'משום', 'מתן', 'ייעוץ', 'משפטי', 'הצהרת', 'נגישות', 'צור', 'קשר', 'חייגו', 'ניווט', 'למשרד', 'ייעוץ', 'ראשוני', 'ללא', 'התחייבות', 'צלצלו', 'עכשיו', 'דילוג', 'לתוכן', 'פתח', 'סרגל', 'נגישות', 'accessibility', 'tools', 'accessibility', 'tools', 'increase', 'text', 'increase', 'text', 'decrease', 'text', 'decrease', 'text', 'grayscale', 'grayscale', 'high', 'contrast', 'high', 'contrast', 'negative', 'contrast', 'negative', 'contrast', 'light', 'background', 'light', 'background', 'links', 'underline', 'links', 'underline', 'readable', 'font', 'readable', 'font', 'איפוס', 'איפוס', 'הצהרת', 'נגישות', 'הצהרת', 'נגישות']","['נזיקין', 'linkedin', 'צרו', 'רפואית', '036952017', 'מאמרים', 'accessibility', 'התמחות', 'אופנוע', 'קרנית', 'מידע', 'עורכי', 'מהתקשורת', 'עבודה', 'טלפון', 'readable', 'facebook', 'תאונות', 'תביעות', 'decrease', 'tools', 'underline', 'בהריון', 'negative', 'החיפוש', 'grayscale', 'תחומי', 'light', 'הצהרת', 'רונקין', 'בולטות', 'מקצועי', 'עורך', 'אודות', 'נגישות', 'high', 'איפוס', 'לייעוץ', 'יואב', 'נגד', 'הצלחות', 'פסקי', 'ייעוץ', 'לתוכן', 'רשלנות', 'שליחה', 'ללא', 'שם', 'סגור', 'חיפוש', 'דרכים', 'background', 'אובדן', 'צלצלו', 'לאומי', 'את', 'המשרד', 'תפריט', 'תיבת', 'באתר', 'חייגו', 'תאונת', 'התחייבות', 'עכשיו', 'נשים', 'ראשי', 'font', 'contrast', 'כללי', 'links', 'דין', 'increase', 'תביעה', 'ראשוני', 'דיני', 'כושר', 'קשר', 'ביטוח', 'זכויות', 'text']"
https://www.ronkinlaw.co.il/category/car-accidents/תאונות-אופנוע/,,0,12,0%,58.08,"
 
 
 
 
 
 תאונות אופנוע - עו""ד יואב רונקין 
 
 
 
 
 
 
 
 
 
 
 
 
 
 
 
 
 
 
 
 
 
 
 
 
 
 
 
 
 
 
 
 
 
 
 
 
 
 
 
 
 
 
 
 
 
 
 
 
 
 
 
 
 
 
 
 
 
 
 
 
   
 
 
 
 
 
 
 
 דלג לתוכן 
 
 
 
 
 
 
 
 
 
 
 
 
   
 
 
 
 
 
 
 
 
 
 אודות 
 
 מהתקשורת 
 
 
 תחומי התמחות 
 
 עורך דין ביטוח 
 עורך דין תאונות דרכים 
 תביעה נגד עורך דין 
 עורך דין אובדן כושר עבודה 
 עורך דין תאונות עבודה 
 עורך דין נזיקין 
 עורך דין רשלנות רפואית 
 עורך דין ביטוח לאומי 
 עורך דין דיני עבודה 
 
 
 הצלחות המשרד 
 
 הצלחות בולטות 
 פסקי דין 
 
 
 מאמרים 
 
 דיני ביטוח 
 תאונות דרכים 
 תביעות עורכי דין 
 נזיקין 
 רשלנות רפואית 
 תאונות עבודה 
 אובדן כושר עבודה 
 ביטוח לאומי 
 כללי 
 
 
 צרו קשר 
   
 
   תפריט 
 
 
 אודות 
 
 מהתקשורת 
 
 
 תחומי התמחות 
 
 עורך דין ביטוח 
 עורך דין תאונות דרכים 
 תביעה נגד עורך דין 
 עורך דין אובדן כושר עבודה 
 עורך דין תאונות עבודה 
 עורך דין נזיקין 
 עורך דין רשלנות רפואית 
 עורך דין ביטוח לאומי 
 עורך דין דיני עבודה 
 
 
 הצלחות המשרד 
 
 הצלחות בולטות 
 פסקי דין 
 
 
 מאמרים 
 
 דיני ביטוח 
 תאונות דרכים 
 תביעות עורכי דין 
 נזיקין 
 רשלנות רפואית 
 תאונות עבודה 
 אובדן כושר עבודה 
 ביטוח לאומי 
 כללי 
 
 
 צרו קשר 
   
 
 
 
 
 
 
 
 
 
 
 
   חיפוש 
 
 
 חיפוש 
 
 
   סגור את תיבת החיפוש 
 
 
 
 
 
 
 
 
 
 
 
 
 
 
 
   
 
 
 
 
							לייעוץ ראשוני  חייגו עכשיו						 
 
 
						03-6952017					 
 
 
 
 
 
 
 
 
 
 
 
 
 
 
 
 
 
   
 
 
 
 
 
 
 
 אודות 
 
 מהתקשורת 
 
 
 תחומי התמחות 
 
 עורך דין ביטוח 
 עורך דין תאונות דרכים 
 תביעה נגד עורך דין 
 עורך דין אובדן כושר עבודה 
 עורך דין תאונות עבודה 
 עורך דין נזיקין 
 עורך דין רשלנות רפואית 
 עורך דין ביטוח לאומי 
 עורך דין דיני עבודה 
 
 
 הצלחות המשרד 
 
 הצלחות בולטות 
 פסקי דין 
 
 
 מאמרים 
 
 דיני ביטוח 
 תאונות דרכים 
 תביעות עורכי דין 
 נזיקין 
 רשלנות רפואית 
 תאונות עבודה 
 אובדן כושר עבודה 
 ביטוח לאומי 
 כללי 
 
 
 צרו קשר 
   
 
   תפריט 
 
 
 אודות 
 
 מהתקשורת 
 
 
 תחומי התמחות 
 
 עורך דין ביטוח 
 עורך דין תאונות דרכים 
 תביעה נגד עורך דין 
 עורך דין אובדן כושר עבודה 
 עורך דין תאונות עבודה 
 עורך דין נזיקין 
 עורך דין רשלנות רפואית 
 עורך דין ביטוח לאומי 
 עורך דין דיני עבודה 
 
 
 הצלחות המשרד 
 
 הצלחות בולטות 
 פסקי דין 
 
 
 מאמרים 
 
 דיני ביטוח 
 תאונות דרכים 
 תביעות עורכי דין 
 נזיקין 
 רשלנות רפואית 
 תאונות עבודה 
 אובדן כושר עבודה 
 ביטוח לאומי 
 כללי 
 
 
 צרו קשר 
   
 
 
 
 
 
 
 
 
 
 Facebook 
   
 
 
 
 Linkedin 
   
 
 
 
 
 
 
 
 
 
   חיפוש 
 
 
 חיפוש 
 
 
   סגור את תיבת החיפוש 
 
 
 
 
 
 
 
 
 
 
 
 
 
   
 
 
 
 
							לייעוץ ראשוני  חייגו עכשיו						 
 
 
						036952017					 
 
 
 
 
 
 
 
 
 
 
 
 
 
 
 
 
 
 אודות 
 
 מהתקשורת 
 
 
 תחומי התמחות 
 
 עורך דין ביטוח 
 עורך דין תאונות דרכים 
 תביעה נגד עורך דין 
 עורך דין אובדן כושר עבודה 
 עורך דין תאונות עבודה 
 עורך דין נזיקין 
 עורך דין רשלנות רפואית 
 עורך דין ביטוח לאומי 
 עורך דין דיני עבודה 
 
 
 הצלחות המשרד 
 
 הצלחות בולטות 
 פסקי דין 
 
 
 מאמרים 
 
 דיני ביטוח 
 תאונות דרכים 
 תביעות עורכי דין 
 נזיקין 
 רשלנות רפואית 
 תאונות עבודה 
 אובדן כושר עבודה 
 ביטוח לאומי 
 כללי 
 
 
 צרו קשר 
   
 
   תפריט 
 
 
 אודות 
 
 מהתקשורת 
 
 
 תחומי התמחות 
 
 עורך דין ביטוח 
 עורך דין תאונות דרכים 
 תביעה נגד עורך דין 
 עורך דין אובדן כושר עבודה 
 עורך דין תאונות עבודה 
 עורך דין נזיקין 
 עורך דין רשלנות רפואית 
 עורך דין ביטוח לאומי 
 עורך דין דיני עבודה 
 
 
 הצלחות המשרד 
 
 הצלחות בולטות 
 פסקי דין 
 
 
 מאמרים 
 
 דיני ביטוח 
 תאונות דרכים 
 תביעות עורכי דין 
 נזיקין 
 רשלנות רפואית 
 תאונות עבודה 
 אובדן כושר עבודה 
 ביטוח לאומי 
 כללי 
 
 
 צרו קשר 
   
 
 
 
 
 
 
 
 
 
 
 
   חיפוש 
 
 
 חיפוש 
 
 
   סגור את תיבת החיפוש 
 
 
 
 
 
 
 
 
 
 
 
 
 
 
 
   
 
 
 
 
							לייעוץ ראשוני חייגו						 
 
 
						036952017					 
 
 
 
 
 
 
 
 
 
 
 
   
 
 
 
 
 
 
 
 
 
 
 
 
 
 
 
 
 צלצלו עכשיו: 03-6952017    
 
 
 
 
 
 
 
 
 
 
 
 
 תאונות אופנוע   
 
 
 
 
 
 
 
 
 
 לייעוץ ראשוני  ללא התחייבות    
 
 
 
 
 
 
 
 
 
 
 
 
								שם							 
 
 
 
 
								טלפון							 
 
 
 
 
 
 שליחה 
 
 
 
 
 
 
 
 
 
 
 
 
 
 
 
 
   
 
 
 
 
 
 
 תאונת אופנוע מוטוקרוס   
 
 
 
 
   
 
 
 
 
 
 
 תאונת אופנוע ללא ביטוח   
 
 
 
 
   
 
 
 
 
 
 
 פיצויים תאונת אופנוע   
 
 
 
 
   
 
 
 
 
 
 
 תאונת אופנוע קשה   
 
 
 
 
   
 
 
 
 
 
 
 תאונת דרכים אופנוע   
 
 
 
 
 
 
   
 
 
 
 
 
 
 
 
 
 
 
 
 
 
 
 
 
 
 
   
 
 
 
 
 03-6952017   
 
 
 
 
 
 
 
 
   
 
 
 
 
 yoav@ronkinlaw.co.il   
 
 
 
 
 
 
 
   
 
 
 
 03-5288812   
 
 
 
 
 
 
 
 
   
 
 
 
 
 רח' תובל 40 (מגדל ספיר), קומה 6, רמת גן 5252247   
 
 
 
 
 
 
 
 
 
 
 
 מפת אתר   
 
 
 
 
 ראשי 
 אודות 
 פסקי דין 
 חיפוש באתר 
 מידע מקצועי 
 צרו קשר 
   
 
 ראשי 
 אודות 
 פסקי דין 
 חיפוש באתר 
 מידע מקצועי 
 צרו קשר 
   
 
 
 
 
 
 
 
 
 שירותי המשרד   
 
 
 
 
 עורך דין ביטוח 
 עורך דין תאונות דרכים 
 תביעה נגד עורך דין 
 עורך דין תאונות עבודה 
 עורך דין רשלנות רפואית 
 עורך דין נזיקין 
 עורך דין ביטוח לאומי 
 עורך דין דיני עבודה 
 זכויות נשים בהריון 
   
 
 עורך דין ביטוח 
 עורך דין תאונות דרכים 
 תביעה נגד עורך דין 
 עורך דין תאונות עבודה 
 עורך דין רשלנות רפואית 
 עורך דין נזיקין 
 עורך דין ביטוח לאומי 
 עורך דין דיני עבודה 
 זכויות נשים בהריון 
   
 
 
 
 
 
 
 
 
 לייעוץ ראשוני   ללא התחייבות  השאירו פרטים   
 
 
 
 
 
 
 
 
 
 
								שם							 
 
 
 
 
								טלפון							 
 
 
 
 
								הודעה							 
   
 
 
 
 שליחה 
 
 
 
 
 
 
 
 
 
 
 
 
 Facebook 
   
 
 
 
 Linkedin 
   
 
 
 
 Youtube 
   
 
 
 
 Twitter 
   
 
 
 
 
 
 
 
 
 
 
 
 
 
 
 
 
 
 
 
 כל הזכויות שמורות לעורך דין יואב רונקין © אין באמור באתר זה משום מתן ייעוץ משפטי   
 
 
 
 
 
 
 
 הצהרת נגישות   
 
 
 
 
 
 
 
 
 
 
 
 
   
 
 
 
 
 צור קשר   
 
 
 
 
 
 
 
 
   
 
 
 
 
 חייגו   
 
 
 
 
 
 
 
 
   
 
 
 
 
 ניווט למשרד   
 
 
 
 
 
 
 
 
 
 
 
 ייעוץ ראשוני ללא התחייבות  - צלצלו עכשיו:  03-6952017   
 
 
 
 
 
 
 
 
 
 
 
 
 
 
 
 
 
 
 
 
 
 
 
 
 
 
 
 
 
 
 
 דילוג לתוכן 
 
 
 
 פתח סרגל נגישות 
 
 Accessibility Tools 
   
 
 
 
 
 Accessibility Tools 
 
 
 
 Increase Text Increase Text   
 
 
 
 Decrease Text Decrease Text   
 
 
 
 Grayscale Grayscale   
 
 
 
 High Contrast High Contrast   
 
 
 
 Negative Contrast Negative Contrast   
 
 
 
 Light Background Light Background   
 
 
 
 Links Underline Links Underline   
 
 
 
 Readable Font Readable Font   
 
 
 
 איפוס 
 איפוס 
 
 
 
 
 
 
 הצהרת נגישות הצהרת נגישות   
 
 
 
 
 
 
 
 
","['תאונות', 'אופנוע', 'עו', 'ד', 'יואב', 'רונקין', 'דלג', 'לתוכן', 'אודות', 'מהתקשורת', 'תחומי', 'התמחות', 'עורך', 'דין', 'ביטוח', 'עורך', 'דין', 'תאונות', 'דרכים', 'תביעה', 'נגד', 'עורך', 'דין', 'עורך', 'דין', 'אובדן', 'כושר', 'עבודה', 'עורך', 'דין', 'תאונות', 'עבודה', 'עורך', 'דין', 'נזיקין', 'עורך', 'דין', 'רשלנות', 'רפואית', 'עורך', 'דין', 'ביטוח', 'לאומי', 'עורך', 'דין', 'דיני', 'עבודה', 'הצלחות', 'המשרד', 'הצלחות', 'בולטות', 'פסקי', 'דין', 'מאמרים', 'דיני', 'ביטוח', 'תאונות', 'דרכים', 'תביעות', 'עורכי', 'דין', 'נזיקין', 'רשלנות', 'רפואית', 'תאונות', 'עבודה', 'אובדן', 'כושר', 'עבודה', 'ביטוח', 'לאומי', 'כללי', 'צרו', 'קשר', 'תפריט', 'אודות', 'מהתקשורת', 'תחומי', 'התמחות', 'עורך', 'דין', 'ביטוח', 'עורך', 'דין', 'תאונות', 'דרכים', 'תביעה', 'נגד', 'עורך', 'דין', 'עורך', 'דין', 'אובדן', 'כושר', 'עבודה', 'עורך', 'דין', 'תאונות', 'עבודה', 'עורך', 'דין', 'נזיקין', 'עורך', 'דין', 'רשלנות', 'רפואית', 'עורך', 'דין', 'ביטוח', 'לאומי', 'עורך', 'דין', 'דיני', 'עבודה', 'הצלחות', 'המשרד', 'הצלחות', 'בולטות', 'פסקי', 'דין', 'מאמרים', 'דיני', 'ביטוח', 'תאונות', 'דרכים', 'תביעות', 'עורכי', 'דין', 'נזיקין', 'רשלנות', 'רפואית', 'תאונות', 'עבודה', 'אובדן', 'כושר', 'עבודה', 'ביטוח', 'לאומי', 'כללי', 'צרו', 'קשר', 'חיפוש', 'חיפוש', 'סגור', 'את', 'תיבת', 'החיפוש', 'לייעוץ', 'ראשוני', 'חייגו', 'עכשיו', 'אודות', 'מהתקשורת', 'תחומי', 'התמחות', 'עורך', 'דין', 'ביטוח', 'עורך', 'דין', 'תאונות', 'דרכים', 'תביעה', 'נגד', 'עורך', 'דין', 'עורך', 'דין', 'אובדן', 'כושר', 'עבודה', 'עורך', 'דין', 'תאונות', 'עבודה', 'עורך', 'דין', 'נזיקין', 'עורך', 'דין', 'רשלנות', 'רפואית', 'עורך', 'דין', 'ביטוח', 'לאומי', 'עורך', 'דין', 'דיני', 'עבודה', 'הצלחות', 'המשרד', 'הצלחות', 'בולטות', 'פסקי', 'דין', 'מאמרים', 'דיני', 'ביטוח', 'תאונות', 'דרכים', 'תביעות', 'עורכי', 'דין', 'נזיקין', 'רשלנות', 'רפואית', 'תאונות', 'עבודה', 'אובדן', 'כושר', 'עבודה', 'ביטוח', 'לאומי', 'כללי', 'צרו', 'קשר', 'תפריט', 'אודות', 'מהתקשורת', 'תחומי', 'התמחות', 'עורך', 'דין', 'ביטוח', 'עורך', 'דין', 'תאונות', 'דרכים', 'תביעה', 'נגד', 'עורך', 'דין', 'עורך', 'דין', 'אובדן', 'כושר', 'עבודה', 'עורך', 'דין', 'תאונות', 'עבודה', 'עורך', 'דין', 'נזיקין', 'עורך', 'דין', 'רשלנות', 'רפואית', 'עורך', 'דין', 'ביטוח', 'לאומי', 'עורך', 'דין', 'דיני', 'עבודה', 'הצלחות', 'המשרד', 'הצלחות', 'בולטות', 'פסקי', 'דין', 'מאמרים', 'דיני', 'ביטוח', 'תאונות', 'דרכים', 'תביעות', 'עורכי', 'דין', 'נזיקין', 'רשלנות', 'רפואית', 'תאונות', 'עבודה', 'אובדן', 'כושר', 'עבודה', 'ביטוח', 'לאומי', 'כללי', 'צרו', 'קשר', 'facebook', 'linkedin', 'חיפוש', 'חיפוש', 'סגור', 'את', 'תיבת', 'החיפוש', 'לייעוץ', 'ראשוני', 'חייגו', 'עכשיו', '036952017', 'אודות', 'מהתקשורת', 'תחומי', 'התמחות', 'עורך', 'דין', 'ביטוח', 'עורך', 'דין', 'תאונות', 'דרכים', 'תביעה', 'נגד', 'עורך', 'דין', 'עורך', 'דין', 'אובדן', 'כושר', 'עבודה', 'עורך', 'דין', 'תאונות', 'עבודה', 'עורך', 'דין', 'נזיקין', 'עורך', 'דין', 'רשלנות', 'רפואית', 'עורך', 'דין', 'ביטוח', 'לאומי', 'עורך', 'דין', 'דיני', 'עבודה', 'הצלחות', 'המשרד', 'הצלחות', 'בולטות', 'פסקי', 'דין', 'מאמרים', 'דיני', 'ביטוח', 'תאונות', 'דרכים', 'תביעות', 'עורכי', 'דין', 'נזיקין', 'רשלנות', 'רפואית', 'תאונות', 'עבודה', 'אובדן', 'כושר', 'עבודה', 'ביטוח', 'לאומי', 'כללי', 'צרו', 'קשר', 'תפריט', 'אודות', 'מהתקשורת', 'תחומי', 'התמחות', 'עורך', 'דין', 'ביטוח', 'עורך', 'דין', 'תאונות', 'דרכים', 'תביעה', 'נגד', 'עורך', 'דין', 'עורך', 'דין', 'אובדן', 'כושר', 'עבודה', 'עורך', 'דין', 'תאונות', 'עבודה', 'עורך', 'דין', 'נזיקין', 'עורך', 'דין', 'רשלנות', 'רפואית', 'עורך', 'דין', 'ביטוח', 'לאומי', 'עורך', 'דין', 'דיני', 'עבודה', 'הצלחות', 'המשרד', 'הצלחות', 'בולטות', 'פסקי', 'דין', 'מאמרים', 'דיני', 'ביטוח', 'תאונות', 'דרכים', 'תביעות', 'עורכי', 'דין', 'נזיקין', 'רשלנות', 'רפואית', 'תאונות', 'עבודה', 'אובדן', 'כושר', 'עבודה', 'ביטוח', 'לאומי', 'כללי', 'צרו', 'קשר', 'חיפוש', 'חיפוש', 'סגור', 'את', 'תיבת', 'החיפוש', 'לייעוץ', 'ראשוני', 'חייגו', '036952017', 'צלצלו', 'עכשיו', 'תאונות', 'אופנוע', 'לייעוץ', 'ראשוני', 'ללא', 'התחייבות', 'שם', 'טלפון', 'שליחה', 'תאונת', 'אופנוע', 'מוטוקרוס', 'תאונת', 'אופנוע', 'ללא', 'ביטוח', 'פיצויים', 'תאונת', 'אופנוע', 'תאונת', 'אופנוע', 'קשה', 'תאונת', 'דרכים', 'אופנוע', 'yoav', 'רח', 'תובל', '40', 'מגדל', 'ספיר', 'קומה', '6', 'רמת', 'גן', '5252247', 'מפת', 'אתר', 'ראשי', 'אודות', 'פסקי', 'דין', 'חיפוש', 'באתר', 'מידע', 'מקצועי', 'צרו', 'קשר', 'ראשי', 'אודות', 'פסקי', 'דין', 'חיפוש', 'באתר', 'מידע', 'מקצועי', 'צרו', 'קשר', 'שירותי', 'המשרד', 'עורך', 'דין', 'ביטוח', 'עורך', 'דין', 'תאונות', 'דרכים', 'תביעה', 'נגד', 'עורך', 'דין', 'עורך', 'דין', 'תאונות', 'עבודה', 'עורך', 'דין', 'רשלנות', 'רפואית', 'עורך', 'דין', 'נזיקין', 'עורך', 'דין', 'ביטוח', 'לאומי', 'עורך', 'דין', 'דיני', 'עבודה', 'זכויות', 'נשים', 'בהריון', 'עורך', 'דין', 'ביטוח', 'עורך', 'דין', 'תאונות', 'דרכים', 'תביעה', 'נגד', 'עורך', 'דין', 'עורך', 'דין', 'תאונות', 'עבודה', 'עורך', 'דין', 'רשלנות', 'רפואית', 'עורך', 'דין', 'נזיקין', 'עורך', 'דין', 'ביטוח', 'לאומי', 'עורך', 'דין', 'דיני', 'עבודה', 'זכויות', 'נשים', 'בהריון', 'לייעוץ', 'ראשוני', 'ללא', 'התחייבות', 'השאירו', 'פרטים', 'שם', 'טלפון', 'הודעה', 'שליחה', 'facebook', 'linkedin', 'youtube', 'twitter', 'כל', 'הזכויות', 'שמורות', 'לעורך', 'דין', 'יואב', 'רונקין', 'אין', 'באמור', 'באתר', 'זה', 'משום', 'מתן', 'ייעוץ', 'משפטי', 'הצהרת', 'נגישות', 'צור', 'קשר', 'חייגו', 'ניווט', 'למשרד', 'ייעוץ', 'ראשוני', 'ללא', 'התחייבות', 'צלצלו', 'עכשיו', 'דילוג', 'לתוכן', 'פתח', 'סרגל', 'נגישות', 'accessibility', 'tools', 'accessibility', 'tools', 'increase', 'text', 'increase', 'text', 'decrease', 'text', 'decrease', 'text', 'grayscale', 'grayscale', 'high', 'contrast', 'high', 'contrast', 'negative', 'contrast', 'negative', 'contrast', 'light', 'background', 'light', 'background', 'links', 'underline', 'links', 'underline', 'readable', 'font', 'readable', 'font', 'איפוס', 'איפוס', 'הצהרת', 'נגישות', 'הצהרת', 'נגישות']","['נזיקין', 'linkedin', 'צרו', 'רפואית', '036952017', 'מאמרים', 'accessibility', 'התמחות', 'אופנוע', 'מידע', 'עורכי', 'מהתקשורת', 'עבודה', 'טלפון', 'readable', 'facebook', 'תאונות', 'תביעות', 'decrease', 'tools', 'underline', 'בהריון', 'negative', 'החיפוש', 'grayscale', 'תחומי', 'light', 'הצהרת', 'רונקין', 'בולטות', 'מקצועי', 'עורך', 'אודות', 'נגישות', 'high', 'איפוס', 'לייעוץ', 'יואב', 'נגד', 'הצלחות', 'פסקי', 'ייעוץ', 'לתוכן', 'רשלנות', 'שליחה', 'ללא', 'שם', 'סגור', 'חיפוש', 'דרכים', 'background', 'אובדן', 'צלצלו', 'לאומי', 'את', 'המשרד', 'תפריט', 'תיבת', 'באתר', 'חייגו', 'תאונת', 'התחייבות', 'עכשיו', 'נשים', 'ראשי', 'font', 'contrast', 'כללי', 'links', 'דין', 'increase', 'תביעה', 'ראשוני', 'דיני', 'כושר', 'קשר', 'ביטוח', 'זכויות', 'text']"
